Gia,Mieu ta,Ngay tao,Tua de
20.000.000,"Cáº§nbÃ¡nHONDAAirBladenguyÃªnbáº£nnguyÃªnzin100%trá»ŸlÃªn,mÃ¡ymÃ³czintá»«Atá»›iZ,MuabÃ¡nnhanhgá»nuytÃ­n,Giáº¥ytá»Ä‘áº§yÄ‘á»§,Chá»‰tiáº¿pngÆ°á»icÃ³thiá»‡nchÃ­,biáº¿tÄ‘Ã¡nhgiÃ¡thá»±ccháº¥tcá»§axe,VuilÃ²ngliÃªnhá»‡trÆ°á»›c,TrÃ¢ntrá»ng!,Má»ingÆ°á»icáº§naloSÄT:0899,247,450gáº·paTuáº¥n(zalo),NgoÃ irakhÃ¡chhÃ ngcÃ³thá»ƒÄ‘á»•itráº£trongvÃ²ng15ngÃ ysá»­dá»¥nghoáº·choÃ ntráº£95%giÃ¡trá»‹xeláº¡ichokhÃ¡chkhÃ´nghÃ ilÃ²ng",5ngÃ ytrÆ°á»›c,C\u1ea7n b\xe1n Honda Air Blade
31.500.000,"-BÃ¡nxeSH150iÄ‘Æ°á»£cnháº­pkháº©utá»«Ã,-XeÄ‘iÄ‘Æ°á»£cgiá»¯gÃ¬nbáº£oquáº£nká»¹,tiáº¿tkiá»‡mnguyÃªnliá»‡unÃªnráº¥tmá»›imá»ingÆ°á»iyÃªntÃ¢mvá»cháº¥tlÆ°á»£ngcá»§axe,-BÃªnmÃ¬nhcÃ³nháº­nlÃ mgiáº¥ytá»vÃ biá»ƒnchomá»ingÆ°á»i,-CÃ³nháº­nÄ‘áº·thÃ ngtheonhucáº§u,-NgoÃ iracÃ³Viber,Facebook,ZaloÄ‘á»ƒAeliÃªnhá»‡",5ngÃ ytrÆ°á»›c,"Honda SH 150i \u0111\u1eddi 2012 m\xe0u xanh, xe m\u1edbi \u0111\u1eb9p"
75.000.000,"Cáº§nbÃ¡nxeHondashadowphantom750phiÃªnbáº£n2015,XenguyÃªnbáº£nchÃ­nhhÃ£ng100%xenguyÃªnzintá»«AÄ‘áº¿nZ,LiÃªnhá»‡sá»‘,(0946,770,479)gáº·pA,Taitrá»±ctiáº¿pÄ‘á»ƒÄ‘Æ°á»£chá»—trá»£thÃªm",2ngÃ ytrÆ°á»›c,T\xe0i c\u1ea7n b\xe1n Honda Shadow Phantom 750 \u0111\u1eddi 2015
2.800.000,"Cáº§nbÃ¡nxeDHHonda88,xemÃ¡yÃªm,phuá»™ctá»‘t,mÃ¡ymáº¡nh,cháº¡yvá»t,Ä‘ilÃ m,Ä‘ihá»ctá»‘t,xevá»lÃ Ä‘i,BÃ¡ntáº¡inhÃ quáº­nTÃ¢nPhÃºgiáº¥ycá»­ahÃ ng+giáº¥ytaybaotranhcháº¥pyÃªntÃ¢mÄ‘iláº¡i,Xengonvá»lÃ Ä‘i,thankscáº£nhÃ ",13ngÃ ytrÆ°á»›c,Honda dh 1988
32.000.000,"Sáº¿pem1láº§nná»¯anhá»ebÃ¡nÄ‘á»“há»™,DÃ²ngxe:HondaWinner2016Ä‘ensáº§n,XedÃ¢nÄ‘i,ekpháº£idÃ¢nbuÃ´nxe,Giáº¥ytá»Ä‘áº§yÄ‘á»§-xecháº¡y1váº¡n1-Ä‘Ã£Ä‘á»™phuá»™cvÃ bÃ¡nhsau-mÃ¡yÃªm,Ä‘ibá»‘c-baothá»£testmÃ¡ymÃ³c,VÃ¬embÃ¡nhá»™nÃªnemÄ‘ÄƒngbÃ¡nvá»›igiÃ¡daoÄ‘á»™ngtá»«31t-33tcÃ³fixchoaenÃ onhiá»‡ttÃ¬nh",16ngÃ ytrÆ°á»›c,C\u1ea7n b\xe1n Honda Winner 150Fi 2016
30.000.000,"Cáº§nThanhLÃ½CÃ¡cLoáº¡iXeMÃ¡yGiÃ¡cá»±cráº»,Xemá»›i100%Báº£ohÃ nh2nÄƒmcÃ³thá»ƒhoÃ ngtráº£trong7ngÃ y,Náº¿utháº¥ykhÃ´nghÃ ilÃ²ng,LiÃªnhá»‡:0888,501,408gáº·panhPhongÄá»ƒÄáº·thÃ ngÄáº£mbáº£o-uytÃ­n-cháº¥tlÆ°á»£ngXincáº£mÆ¡n,Äá»ƒÄáº·thÃ ngÄáº£mbáº£o-uytÃ­n-cháº¥tlÆ°á»£ngXincáº£mÆ¡n,ThÃ´ngTinKhÃ¡chHÃ ngkhiMuaXeKáº¿tbáº¡nZaloSdt0888",12ngÃ ytrÆ°á»›c,C\u1ea7n b\xe1n Honda Sh150i nh\u1eadp kh\u1ea9u gi\xe1 r\u1ebb
150.000,"ChuyÃªncungcáº¥pÄ‘á»“ngphá»¥cxemÃ¡ychocÃ¡chÃ£ngHONDA,YAMAHAgiÃ¡ráº»,Äá»“ngphá»¥cthá»£sá»­axe,Äá»“ngphá»¥cbÃ¡nhÃ ng,Äá»“ngphá»¥cká»¹thuáº­ttrÆ°á»Ÿng,Maythiáº¿tkáº¿chuáº©ntheoyÃªucáº§ucÃ¡chÃ£ngxe,-Äá»’ngphá»¥cthá»£sá»­axeYAMAMA,Ãongáº¯ntayphá»‘imÃ uÄ‘en-Ä‘á»hoáº·ctráº¯ngÄ‘enváº£ikakithoÃ¡ngmÃ¡t,tháº¥mhÃºtmá»“hÃ´i",18ngÃ ytrÆ°á»›c,"Qu\u1ea7n \xe1o \u0111\u1ed3ng ph\u1ee5c s\u1eeda xe Honda, Yamaha gi\xe1 r\u1ebb"
135.000.000,"PhanhABSâ€“02chÃ¬aHISS,XemÃ utráº¯ng,Ã­tsá»­dá»¥ng(Odo~2,5v),báº£odÆ°á»¡ng,thaydáº§uMotul300VÄ‘ÃºngÄ‘á»‹nhká»³(3,000km/láº§n),XezinnguyÃªnbáº£n,cháº¥tlÆ°á»£ng&hÃ¬nhthá»©ccÃ²nmá»›i,GiÃ¡bÃ¡n:135tr-GTHL,MuabÃ¡ntáº¡inhÃ ngoÃ igiá»hÃ nhchÃ­nh",25ngÃ ytrÆ°á»›c,C\u1ea7n b\xe1n xe m\xe1y PKL-Honda CB1100 Japan Date 2013
150.000,"CÃ´ngtyhiá»‡ntáº¡ichuyÃªncungcáº¥pquáº§nÃ¡osá»­axemÃ¡ycÃ¡chÃ£ng,YAMAHA,HoNDA,PIAGO,SYM,CÃ¡cÄ‘á»“ngphá»¥csá»­axemÃ¡y,Ä‘á»“ngphucbÃ¡nhÃ ng,Tá»•trÆ°á»Ÿng,GiÃ yBáº£ohá»™,,vv,vá»›igiÃ¡tá»‘tnháº¥ttrÃªnthá»‹trÆ°á»ng,Sáº£npháº©mÄ‘Æ°á»£cmayvá»›icháº¥tliá»‡uváº£icottton65/35táº¡ochongÆ°á»isá»­dá»¥ngcáº£mgiÃ¡cthoÃ¡ngmÃ¡t,tháº¥mhÃºtmá»“hÃ´ivÃ Ä‘áº·cbiá»‡tmÃ usáº¯ccá»§acháº¥tliá»‡uváº£iluÃ´nbá»nvá»›ithá»igian",13ngÃ ytrÆ°á»›c,"S\u1ea3n xu\u1ea5t \u0111\u1ed3ng ph\u1ee5c s\u1eeda xe m\xe1y yahama, honda gi\xe1 r\u1ebb"
11.000.000,"Cáº§nbÃ¡nxeDreamIIThÃ¡iLan,xeváº«ndÃ¹ngÄ‘ilÃ mháº±ngngÃ y,Ä‘á»•xÄƒnglÃ cháº¡yliá»n,Biá»ƒnsá»‘HÃ Ná»™i,muabÃ¡ntáº¡inhÃ ,Äc:313Nguyá»…nVÄƒnCÃ´ng,GÃ²Váº¥p,GiÃ¡:11trcÃ³bá»›tchÃºt,XemxengoÃ igiá»hÃ nhchÃ­nh,LiÃªnhá»‡:0962580353hoáº·c0916130721giÃ¹m,XincÃ¡mÆ¡n!",3thÃ¡ngtrÆ°á»›c,Honda Dream II
48.500.000,"HONDACB400ssdate2005Xezin100/100tá»«Ä‘áº§uÄ‘áº¿nÄ‘Ã­tCháº¥txekhá»ichÃª,máº¡nhvÃ bá»‘cbaotesttáº¡ichá»—69tiáº¿ng,GiÃ¡quÃ¡má»m49trcÃ³fixchoaenhanhgá»nláº¹Sdt0937895900Xemxequáº­n12orlÃ¡ithiÃªu,BÃ¬nhdÆ°Æ¡ngGTHLkhÃ´ngsangtÃªn",8thÃ¡ngtrÆ°á»›c,Honda CB40SS date 2005
8.000.000,"HondaCub78,cÃ²nráº¥tmá»›i,Â SÆ¡nsá»¯achoconÄ‘ihá»c!NayÄ‘Ã£lá»›nÄ‘ilÃ m,nÃªnbÃ¡n,muaxemá»›i!tÃ¬nhtrangxeá»•ndá»‹nh,Ã­thaoxÄƒng,NÃ²ngzincoss4,AEnÃ ocÃ³conÄ‘ihá»ccáº¥p3muachoconÄ‘i,Ä‘á»¡haoxÄƒng,khÃ´ngcáº§nbáº±nglÃ¡i,aicÃ³nhucáº§uliÃªnhá»‡nha",7thÃ¡ngtrÆ°á»›c,"Honda Cub 78, c\xf2n r\u1ea5t m\u1edbi"
10.990.000,"-XemÃ¬nhmÃ¡ycÃ²nráº¥tem,chÆ°abungmÃ¡y,cÃ´nzin5sá»‘ráº¥tnháº­y,-Äiá»‡n,Ä‘Ã¨n,cÃ²i,xinhannghiÃªmchá»‰nh,Ä‘á»nháº¹lÃ ná»•,-AnhemmuayÃªntÃ¢mvÃ¬xenÃ yráº¥tnghiÃªmchá»‰nh,emnÃ³lÃ tÃ¢mhuyáº¿tÄ‘á»ƒphá»¥cvá»¥choÄ‘ammÃªphÆ°á»£tcá»§abáº£nthÃ¢nmÃ¬nh,Lá»‘ptrÆ°á»›cvÃ saucÃ²ngaivÃ¬má»›ithaysautourphÆ°á»£ttrÆ°á»›c",3thÃ¡ngtrÆ°á»›c,C\u1ea7n b\xe1n xe Honda Fortune
30.000.000,"HondaCD-125ccÄ‘á»i2000nguyÃªnbáº£ncá»±cÄ‘áº¹psÆ¡nzinmÃ¡yzin100%cá»±cÃªm,GiÃ¡30trbsoship,liÃªnhá»‡0121,5555,412Gáº·panhvÅ©cÃ³zalofb",4thÃ¡ngtrÆ°á»›c,Honda CD-125cc \u0111\u1eddi 2000
14.300.000,"Ã”nganhÄ‘inÆ°á»›cngoÃ iÄ‘á»ƒláº¡ichiáº¿cFuture1,MÃ¡yná»•thÃ¬tháº§m,xeÃªmÃ¡i,Ä‘á»™ngcÆ¡máº¡nhmáº½,DÃ nngoÃ icÃ²nkeng,rá»›tÄ‘áº§ucáº¡okhÃ³i1láº§n,XebstpkhÃ´ngchÃ­nhchá»§,bÃ¡ngiáº¥ytaybaotranhcháº¥ptoÃ nquá»‘c,GiÃ¡14tr3,LiÃªnhá»‡ACÆ°á»ng093793698876/33/17LÃªVÄƒnPhan,P,PhÃºThá»HÃ²a,Q,TÃ¢nPhÃº",5thÃ¡ngtrÆ°á»›c,Honda Future 1 BSTP c\u1ea7n b\xe1n
25.000.000,"HondaCD125ccÄ‘á»i2002nguyÃªnbáº£ncá»±cÄ‘áº¹plengkengzin100%,liÃªnhá»‡0121,5555,412phÆ°á»›csangcÃ³zalo",2thÃ¡ngtrÆ°á»›c,Honda CD 125cc \u0111\u1eddi 2002
45.000.000,"Cáº§nbÃ¡nxeHonda150xenháº­p,xelÃªndÃ nÃ¡oshÃ½2010Ä‘áº¹phoÃ nháº£o,Xehoáº¡tÄ‘á»™ngá»•nÄ‘á»‹nhhiá»‡nÄ‘angÄ‘ilÃ mbÃ¬nhthÆ°á»ng,xenhÃ sá»­dá»¥ngká»¹,Äáº·cbiá»‡tCavetgá»‘ctheoxekhÃ´ngcÃ³chá»¯@chá»‰ghihonda150,AnhemchÆ¡ixeliÃªnhá»‡mÃ¬nhnhÃ©",8thÃ¡ngtrÆ°á»›c,B\xe1n Honda l\xean sh \xfd 2010
10.000.000,"Donhucáº§ukhÃ´ngsá»­dá»¥ngnÃªnnhÃ mÃ¬nhcáº§nbÃ¡nchiáº¿cSPACYtháº¯ngchÃ¢nmÃ utráº¯ngsáº£nxuáº¥ttá»«Nháº­tBáº£n!!!Äá»‹achá»‰:75/28/2ÄÆ°á»ngsá»‘7,PhÆ°á»ng3,Quáº­nGÃ²Váº¥pCÃ¡cbáº¡nanhchá»‹emcÃ³thá»ƒÄ‘áº¿nÄ‘á»‹achá»‰Ä‘á»ƒchitiáº¿thÆ¡nvá»xevÃ giÃ¡10trcÃ³thá»ƒthá»athuáº­nthÃªmcÃ³xuá»‘nghaykhÃ´ng",1nÄƒmtrÆ°á»›c,Honda Spacy
22.000.000,,7thÃ¡ngtrÆ°á»›c,C\u1ea7n b\xe1n xe Honda Lead 110
16.900.000,"MÃ¡yravá»xeThÆ°Æ¡ngHiá»‡u:HONDAmodel:SH-125FThÃ´ngsá»‘ká»¹thuáº­t:-ÄÆ°á»ngkÃ­nhkáº¹ptrong:10""-20""-ÄÆ°á»ngkÃ­nhkáº¹pngoÃ i:12""-24""-ÄÆ°á»ngkÃ¬nhlá»‘plá»›nnháº¥t:1250mm-Chiá»urá»™ngcá»§alá»‘p:3""-15""-Ã¡pxuáº¥tlÃ mviá»‡c:8-10bar*MÃ¡ysá»­dá»¥nghÆ¡ivÃ khÃ­nÃ©nvá»›iÄ‘iá»‡nÃ¡p220VvÃ Ã¡pxuáº¥thÆ¡iyÃªucáº§ulÃ 6tá»›i8kgMÃ¡yravá»xeSH-125FlÃ dÃ²ngmÃ¡ydanÄƒngnháº¥tcÃ³thá»ƒmá»¡Ä‘Æ°á»£cchoxetaygavÃ xeÃ´tÃ´con,vÃ cÃ¡cxetáº£inháº¹tÆ°2,5Ttrá»Ÿxuá»‘ngvá»›iÄ‘Æ°á»ngkÃ­nh10""-24"",Bá»™káº¹ptá»±Ä‘á»‹nhtÃ¢m,xilanhÃ©plá»‘pcÃ´ngxuáº¥tlá»›n",7thÃ¡ngtrÆ°á»›c,M\xe1y th\xe1o v\u1ecf xe SH-125F Honda
35.000.000,"HondacÃºp125ccÄ‘á»i2018hÃ ngthÃ¹ng-THAILAN-cá»±cÄ‘áº¹p,GiÃ¡35trbaoshipliÃªnhá»‡0121,5555,412gáº·panhsang",3thÃ¡ngtrÆ°á»›c,Honda c\xfap 125cc \u0111\u1eddi 2018 h\xe0ng th\xf9ng
10.000.000,"Donhucáº§ukhÃ´ngsá»­dá»¥ngÄ‘áº¿n,nÃªncáº§nbÃ¡newinÄ‘Ã£gáº¯nbÃ³lÃ¢udÃ i,hÃ¬nhthá»©chÆ¡icÅ©theonÄƒmthÃ¡ng,nhÆ°ngcÃ´nsá»‘ngá»tngÃ ovÃ¬Ä‘Ã£lÃ mláº¡i,Ä‘á»“zintheoxecÃ²nkhÃ¡nhiá»u,nÃªncÃ¡canhmuaxenÃ ythÃ¬khÃ´ngcáº§nnghá»‰,xeÄ‘á»ƒá»ŸnhÃ khÃ´ngcháº¡yráº¥tlÃ¢urá»“i,anhemmuavuiolÃ²nggá»i,xebÃ¡ngiáº¥ytá»Ä‘áº§yÄ‘á»§,chá»‰lÃ khÃ´ng9chá»§,nhÆ°ngrÃºthá»“sÆ¡ok,Ä‘Ã£há»i",3thÃ¡ngtrÆ°á»›c,Win Honda 100 - bi\u1ec3n H\xe0 N\u1ed9i 4 s\u1ed1
20.100.000,"XEMÃYÄIá»†NHONDA-HÃƒNGXEÄIá»†NBÃNCHáº YSá»1THáº¾GIá»šI,CHáº¤TLÆ¯á»¢NGTUYá»†TÄá»ˆNH,Äá»˜Bá»€NTÃNHBáº°NGTHáº¾Ká»¶,GIÃNGá»ŒTNGÃ€OJOKER-LÆ°á»›tnháº¹khÃ´nggiá»›iháº¡nBáº¡nÄ‘Ã£cáº£mtháº¥ynhÃ mchÃ¡nvá»›inhÆ°ngchiáº¿cxeÄ‘iá»‡nnhiá»ungÆ°á»icÃ³vÃ muá»‘nsá»Ÿhá»¯umá»™tchiáº¿cxemá»›ivÃ thá»itrangnháº¥t",11thÃ¡ngtrÆ°á»›c,Xe M\xe1y \u0110i\u1ec7n JOKER Honda ch\xednh h\xe3ng
9.600.000,"XeHondawavealphatemlá»­amÃ uÄ‘á»Ä‘en,biá»ƒnsá»‘thÃ nhphá»‘,xeÄ‘angsá»­dá»¥ng,giáº¥ytá»báº£ohiá»ƒmÄ‘áº§yÄ‘á»§,XeÄ‘iÃªmÃ¡i,báº£odÆ°á»¡ngthÆ°á»ngxuyÃªn,PhÃ¹há»£pchoanhemdÃ¹ngÄ‘ihá»c,Ä‘ilÃ m,naycáº§nlÃªnÄ‘á»ixeÄ‘áº¡pÄ‘iá»‡nnÃªnbÃ¡n,Â MuabÃ¡ntáº¡inhÃ á»Ÿ166ThÃ­chQuáº£ngÄá»©c,PhÃºNhuáº­n,CÃ³fixxÄƒngxe,thaynhá»›t,báº£odÆ°á»¡ng,cÃ phÃªchoanhemnhiá»‡ttÃ¬nh",1nÄƒmtrÆ°á»›c,Honda wave alpha 2007
12.000.000,"BÃ¡nxeHondaSCRbiá»ƒnF9-4sá»‘,mÃ uxÃ¡m,Ä‘Ã£Ä‘iÄ‘Æ°á»£c4,9váº¡n,GiÃ¡:12triá»‡u",2nÄƒmtrÆ°á»›c,B\xe1n xe Honda SCR
56.000.000,"Tuá»•itráº»thÃ¬ngáº¯n,tháº¿giá»›ithÃ¬rá»™ng,ChÃ­namnhi,ngá»“imá»™tchá»•lÃ mchi?ğŸ’—HondaXr150LModel2017(nháº­pnguyÃªnchiáº¿c)ğŸ’°GiÃ¡trÃªn50Tr(chÆ°atÃ­nhVATvÃ cÃ¡ckhoáº£nphÃ­khÃ¡c)â˜Call:0982496898ğŸ‘‰Showroom5:415Pháº¡mvÄƒnÄ‘á»“ng,P,linhÄ‘Ã´ng,Q,Thá»§Äá»©c,Tp,HCM(gáº§nvÃ²ngxoayKhaváº¡ncÃ¢n-pháº¡mvÄƒnÄ‘á»“ng)â¤Hotlinetráº£gÃ³p:HÃ Ná»™i:0944081368SÃ iGÃ²n:0908532018---------------------------------------------------------------------------ğŸ’°Táº·ngngaygÃ³idá»‹chvá»¥SIÃŠUHOTğŸˆ2",1nÄƒmtrÆ°á»›c,Honda Xr150L Model 2017
42.000.000,"Cáº§nbÃ¡nmá»™txeHondaCD125Tsá»‘khungÄ‘áº§u15,date1997,Ngoáº¡ihÃ¬nhÄ‘áº¹pXecÃ³PPÄ‘Ã£rabiá»ƒn5sá»‘TP,,Ä‘k2015,nhÆ°ngkhÃ´ngsangtÃªnÄ‘Æ°á»£cGiÃ¡xe42triá»‡uVND(sáº½fixnáº¿ungÆ°á»imuatháº­tsá»±thiá»‡nchÃ­vÃ chÄƒmsÃ³cxekÄ©cÃ ng),xemxetáº¡iQ,9,TP,HCM,liÃªnhá»‡Minh(25t)0903830110,miá»…ntiáº¿ptinnháº¯nSMS",2nÄƒmtrÆ°á»›c,Honda CD125T Date 1997
30.000.000,"XechÃ­nhchá»§,ná»¯Ä‘i,giá»¯cáº©ntháº­n,thanhnhá»›tÄ‘á»‹nhkÃ¬,XedÃ¡nkeonÃªngá»¡keomÃ usÆ¡nÄ‘áº¹pnhÆ°má»›i,Biá»ƒnsá»‘7nÃºt,Ä‘ÄƒngkÃ­quáº­nBÃ¬nhtháº¡nh",1nÄƒmtrÆ°á»›c,B\xe1n xe Honda Lead
42.000.000,"XezinTá»«a-z,Má»ithá»©hoáº¡tÄ‘á»™ngkocÃ³chÃºtlá»—i,XecÃ³giáº¥ytá»Ä‘áº§yÄ‘á»§,mÃ¡ybá»‘ckocÃ³Ä‘iá»ƒmÄ‘á»ƒchÃª",1nÄƒmtrÆ°á»›c,Honda CB400 \u0111\u1eddi 95
23.800.000,"Cáº§nbÃ¡nHondaVision2013BstpchÃ­nhchá»§,xená»¯chaynÃªnráº¥tká»¹vÃ Ãªm,XeÄ‘áº¹pmÃ uÄ‘enbÃ³nglÆ°á»¡ngnhÆ°xemá»›i,Fixchobáº¡nnÃ ocáº§nvÃ yÃªuxenhÃ©!LH:0935508828Ms,Diá»…m",1nÄƒmtrÆ°á»›c,Honda vision (zin 2013)
12.000.000,"BÃ¡nxeHondaFuture,xecÃ²nráº¥ttá»‘t,Ä‘ilÃ mhÃ ngngÃ y,Muá»‘nnÃ¢ngcáº¥plÃªnPKLnÃªnbÃ¡n,LiÃªnhá»‡:ThÃ¡i0982101283",2nÄƒmtrÆ°á»›c,B\xe1n xe Honda Future
8.100.000,"mÃ¬nhcáº§nbÃ¡nlaimá»™tchiáº¿cxehonÄ‘awaveachÃ­nhháº£ng,xebiá»ƒnsá»‘bÃ¬nhdÆ°Æ¡ng,giáº¥ytá»Ä‘áº§yÄ‘á»§,mÃ¡yÃªm,cháº¡ybá»‘cxemÃ¡yzinchÆ°alÃ mgÃ¬cáº£,bÃ¬nhÄ‘á»,Ä‘Ã¨n,kÃ¨n,sinnhanÄ‘áº§yÄ‘á»§,giÃ¡mÃ¬nhbÃ¡nláº¡i8tr1bá»›tchÃºttiá»nxÄƒngchoanhchiemmuavÃªÄ‘i,lh0987868226",1nÄƒmtrÆ°á»›c,Honda wave@ ch\xednh h\xe3ng
24.000.000,"Hondabenly50ccFItaygasiÃªutiáº¿tkiá»‡mxÄƒng60-70km/lÃ­tNguyÃªnzin100%,cháº¡yráº¥tÄ‘áº§mbá»‘c,xenoppBÃ¡n24trfixnháº¹cafe,Xemxetáº¡ichá»£bÃ ucÃ¡ttÃ¢nbÃ¬nh,sdt0917615599Â ",2nÄƒmtrÆ°á»›c,Honda benly 50cc FI
93.000.000,"BÃ¡nxeSH125iphomnháº­p,biá»ƒnHN5sá»‘xeÄ‘ÄƒngkÃ½vÃ sxthÃ¡ng5/2011(chÃ­nhchá»§konÃ³isai),xecÃ²nmá»›i98%bá»cnilongkÃ­nxe,cÃ²nÄ‘áº§yÄ‘á»§,2gÆ°Æ¡ng,2chÃ¬akhÃ³a,sÃ¡chhÆ°á»›ngdáº«nvÃ Ä‘Ã£láº¯pkhÃ³atrá»‘ngchá»™m,GiÃ¡:93triá»‡u,Kotiáº¿pthá»£thuyá»n",1nÄƒmtrÆ°á»›c,Honda SH125i \u0111\u1eddi 2011
24.500.000,"BÃ¡nxeHondaAirbladenhÃ sá»­dá»¥ng,muatá»«nÄƒm2012(nhÆ°hÃ¬nh),giÃ¡24,5triá»‡u,LiÃªnhá»‡0932725005,gÄƒpVÅ©",3thÃ¡ngtrÆ°á»›c,Kh\xf4ng s\u1eed d\u1ee5ng c\u1ea7n b\xe1n Honda Airblade \u0111\u1eddi 2012
220.000.000,"HondaSH300icuá»‘i2015Ä‘áº§u2016BSTPchÃ­nhchá»§,Â MÃ¡ymÃ³czinchÆ°aÄ‘á»¥ngcháº¡mxeÃªmru,Â DÃ nÃ¡oÄ‘áº¹plengkeng,Â Ã“ctÃ¡nsÃ¡ngchÃ³i,Â DÃ nchÃ¢ncá»©nggáº¯tÄ‘áº¹p,Â XenÃ³ichungcÃ²nráº¥tÄ‘áº¹pmá»›i,Â Phuá»™cohlinsÄ‘áº­pthÃ¹ng",7thÃ¡ngtrÆ°á»›c,Honda SH 300i cu\u1ed1i 2015 \u0111\u1ea7u 2016 BSTP ch\xednh ch\u1ee7
185.000.000,"HONDAFREEWAYNHáº¬T250cc,ChuyÃªnDÃ nhChoCÃ¡nBá»™ViÃªnChá»©cHoáº·cTrongNgÃ nhHáº£iQuan,CamKáº¿tMÃ¡yZin(TestToÃ nQuá»‘cLunNha),Cá»±cÄáº¹pVÃ Cá»±cCháº¥t,GiÃ¡bÃ¡n:185Triá»‡u(CÃ²nThÆ°Æ¡ngLÆ°á»£ng)""Quyá»nLá»£iKhÃ¡chHÃ ngKhiMuaXe,""Báº£ohÃ nh:2NÄƒm,MÃ u:NÃ¢uCá»±cSangTrá»ngBiá»ƒnsá»‘:VIPThÃ nhPhá»‘LunNha",9thÃ¡ngtrÆ°á»›c,"Honda Freeway 250cc \u0111\u1eb9p, cam k\u1ebft m\xe1y zin, ch\xednh ch\u1ee7"
50.000.000,"HondaPCX-150cc-ABSÄ‘á»i2018xethÃ¹ngzin100%,giÃ¡50trbaoship,liÃªnhá»‡0899,08,6780gáº·panhsang",1thÃ¡ngtrÆ°á»›c,Honda PCX-150cc-ABS \u0111\u1eddi 2018 xe th\xf9ng zin 100%
16.900.000,XebÃ£inháº­pkháº©utrá»±ctiáº¿pnháº­tbáº£n,1thÃ¡ngtrÆ°á»›c,Honda scoopy crea zoomer xe b\xe3i nh\u1eadt 50cc
150.000,"ChuyÃªncungcáº¥pÄ‘á»“ngphá»¥chÃ£ngxeHONDA,-Äá»“ngphá»¥cká»¹thuáº­ttrÆ°á»Ÿng,-Äá»’ngphá»¥csá»­axe,-Äá»“ngphá»¥cbÃ¡nhÃ ng,Ä‘Æ°á»£csáº£nxuáº¥tváº£icotton65/35táº¡ocáº£mgiÃ¡cthoÃ¡ngmÃ¡t,Tháº¥mhÃºtmá»“hÃ´itá»‘t,Cungá»©ngchocÃ¡cÄ‘iá»ƒmsá»­axe,cÃ¡chÃ£ngxemÃ¡ytrÃªntoÃ nquá»‘c,LiÃªnHá»‡:0917,370,770hoáº·c0987,664",1thÃ¡ngtrÆ°á»›c,"\u0110\u1ed3ng ph\u1ee5c k\u1ef9 thu\u1eadt tr\u01b0\u1edfng, \u0111\u1ed3ng ph\u1ee5c s\u1eeda xe Honda"
90.000.000,,6thÃ¡ngtrÆ°á»›c,Xe Honda phi\xean b\u1ea3n k\u1ef7 ni\u1ec7m n\u0103m 1982
14.000.000,"BÃ¡nxeHondaClickcÅ©mÃ uÄ‘á»Ä‘en,2009,Â Äá»inÄƒm2009ChÃ­nhchá»§Bstp,baocÃ´ngchá»©ng-XenguyÃªnzin,Â -MÃ¡ycháº¡yráº¥tÃªmvÃ nháº¹,-DÃ nÃ¡omá»›ithÃ¡okeonÃªnkotráº§y,Xecháº¡yráº¥ttiáº¿tkiá»‡mxÄƒng,Â -Xemxetáº¡iQ,TÃ¢nPhÃº,Â ",7thÃ¡ngtrÆ°á»›c,"B\xe1n xe Honda Click c\u0169 m\xe0u \u0111\u1ecf \u0111en, 2009"
92.000.000,"HONDASH150iCBSMÃ usÆ¡n:XÃ¡mNÄƒmÄÄƒngKÃ½:2017Odo:3200KmGiÃ¡bÃ¡n:92Triá»‡u(ThÆ°Æ¡ngLÆ°á»£ng)""Quyá»nLá»£iKhÃ¡chHÃ ngKhiMuaXe,""Báº£ohÃ nh:2nÄƒmvá»mÃ¡yBáº£oDÆ°á»¡ngÄá»‹nhKá»³1000KMmiá»…nphÃ­,Thaynhá»›tmá»›ihoÃ ntoÃ nmiá»…nphÃ­saumuaxe,Thá»§tá»¥cmuaxenhanhgá»n,giáº¥ytá»Ä‘áº§yÄ‘á»§vÃ há»£pphÃ¡p",9thÃ¡ngtrÆ°á»›c,"B\xe1n Xe Honda SH 150i CBS 2017, X\xe1m, Ch\xednh Ch\u1ee7"
69.000.000,"HondaCBR1502011cÅ©,odo6k,chÃ­nhchá»§,Â sangtÃªnnhanhchÃ³ngvÃ¬nhÃ káº¿bÃªnphÃ²ngcÃ´ngchá»©ng,Äanggáº¯n4cÃ¡ixinhanÄ‘á»“chÆ¡ivÃ oxe,aimuasáº½láº¯pláº¡i4cÃ¡ixinhanzin",7thÃ¡ngtrÆ°á»›c,"Honda CBR150 2011 c\u0169, odo 6k, ch\xednh ch\u1ee7"
6.200.000,"MÃ¬nhcÃ³láº¥yÄ‘Æ°á»£cxecá»§ahÃ£ngH21cáº¥pÄ‘á»™cháº¡yráº¥tnháº¹nhÃ ng,BÃ¡nh20inchkhÃ´nggai,Niá»nxÃ©giÃ³trongráº¥tthá»ƒthao",1thÃ¡ngtrÆ°á»›c,Xe \u0111\u1ea1p g\u1ea5p Honda Modulo nh\u1eadp nguy\xean chi\u1ebfc t\u1eeb Th\xe1i Lan
62.500.000,"Cáº§nbÃ¡nxeHondaCBR150,xeÄ‘á»i2016mÃ¡ynguyÃªnZin100%hÃ¬nhthá»©cÄ‘áº¹p,tuyá»‡tÄ‘á»‘ikhÃ´ngÄ‘Ã¢mÄ‘á»¥ngvacháº¡m,TÃ´ikoÄ‘iÄ‘áº¿n,xetÃ´ibÃ¡nchoaicÃ³nhucáº§u62,5triá»‡uxincáº£mÆ¡n",4thÃ¡ngtrÆ°á»›c,Honda CBR 150 ch\xednh ch\u1ee7 \xedt ch\u1ea1y 2016
ThÆ°Æ¡ng lÆ°á»£ng,,5thÃ¡ngtrÆ°á»›c,B\xe1n xe honda lead b\u1ea1c 7/2011 28.890km ch\xednh ch\u1ee7
10.500.000,"Cáº§nbÃ¡nxeHondaWave110mÃ ubáº¡cMÃ¡yÃªm,xecháº¡ytá»‘tCÃ³giáº¥ytá»Ä‘áº§yÄ‘á»§XeÄ‘Ã£quasá»­dá»¥ngBáº£nsá»‘tá»‰nh75Báº¡nnÃ ocÃ³nhucáº§umuaxeÄ‘á»ƒsá»­dá»¥nghÃ£yliÃªnhá»‡nhÃ©0972647204Xemxerá»“icÃ³thá»ƒthÆ°Æ¡nglÆ°á»£nggiÃ¡cáº£HÃ¬nhchá»¥pchÆ°aÄ‘áº¹pnhÆ°ngnhÃ¬ná»ŸngoÃ iráº¥tngonlÃ nh",7thÃ¡ngtrÆ°á»›c,C\u1ea7n b\xe1n xe Honda Wave 110 m\xe0u b\u1ea1c
31.000.000,"GiaÄ‘Ã¬nhtÃ´icáº§nbÃ¡nchiáº¿cxeSpasy125nháº­tmÃ utráº¯ngÄ‘áº¯ngkÃ½nÄƒm1998,camkáº¿tmÃ¡ycÃ²nzinchÆ°aÄ‘á»¥ngcháº¡mgÃ¬xeÄ‘iváº«nbá»‘cvÃ ráº¥tÃªmxeÄƒnráº¥tÃ­txÄƒng,Xená»¯sá»­cáº©ntháº­n,Má»›ithayÄ‘Ã´ilá»‘p,dáº§uvÃ lá»cgiÃ³Ä‘ichÆ°aÄ‘Æ°á»£c100km,Biá»ƒnsá»‘29H7â€“0568Â GiÃ¡bÃ¡n:31,000,000Ä‘cÃ³thÆ°Æ¡nglÆ°á»£ngLiÃªnhá»‡:0936086686",2nÄƒmtrÆ°á»›c,Honda Spasy 125 nh\u1eadt tr\u1eafng
17.000.000,"NhÃ thá»«axenÃªncáº§nbÃ¡nchiáº¿cxeHondaDylan125ccmÃ uÄ‘á»,xenhÃ Ã­tÄ‘inÃªnváº«ncÃ²nmá»›ivÃ bÃ³ngbáº©y,xenhÆ°trÃªnhÃ¬nhcÃ³áº£nhtháº­tcá»§axeÄ‘á»ƒmá»ingÆ°á»ixemthamkháº£o,xeÄ‘áº£mbáº£omÃ¡yÄ‘iÃªmvÃ bá»‘c,giÃ¡mÃ¬nhmuá»‘nbÃ¡nlÃ 16tr500,aimualiÃªnhá»‡mÃ¬nhnhÃ©,cáº£mÆ¡nÄ‘Ã£xemtin,sdt01675406573",2nÄƒmtrÆ°á»›c,Honda Dylan 125cc m\xe0u \u0111\u1ecf
11.000.000,"EmlÃªnÄ‘á»iSHÄ‘á»ƒláº¡ichoanhemnÃ onhiá»‡ttÃ¬nhemHondawave2010-Biá»ƒnHÃ ná»™inhÃ©,AnhemnÃ onhiá»‡ttÃ¬nhliÃªnhá»‡sá»›mchoem,Cháº¥tlÆ°á»£ngxeanhemkhÃ´ngpháº£inghÄ©,xemhÃ¬nhlÃ rÃµ,GÃ­aÄ‘á»ƒká»‹chsÃ nchoanhen11,000,000Ä‘Lh:MrHoÃ ng:0961544672",1nÄƒmtrÆ°á»›c,Honda wave gi\xe1 r\u1ebb - 2010
100.000.000,"XechÃ­nhchá»§,biá»ƒnÄ‘áº¹p,xeÄ‘igiá»¯gÃ¬n",1nÄƒmtrÆ°á»›c,T\xf4i c\u1ea7n ti\u1ec1n mu\u1ed1n b\xe1n xe Honda SH
35.000.000,"Náº¯ngrÃ¡orá»“iraoláº¡iemHONDASL230,CÃ ocÃ othuá»™cdÃ²ng""Low-Rider"",Ráº¥tdá»…Ä‘iá»ukhiá»ƒnchonhá»¯ngaecÃ³chiá»ucaokhiÃªmtá»‘nXemÃ¡yÃªmnhÆ°tá»§láº¡nh,Ä‘Ã£thaylá»‘pmá»›i,láº¯ptaycháº¯nAcerbis,TÃ¬nhtráº¡ngxeÄ‘angráº¥thoÃ nháº£o,Â HÃ¬nhthá»©caexemáº£nhthÃªmchokÄ©Vá»«aordervá»cÃ¡iÄ‘Ä©atrÆ°á»›c+mÃ¡phanhtrÆ°á»›csauchÆ°aká»‹pláº¯paenÃ omuanhiá»‡ttÃ¬nhtáº·ngluÃ´nGiáº¥ytá»4máº£nhHonda150-XeNamGiÃ¡:3xtr(xtiá»ƒuhá»choáº·csiÃªunhá»choaenhiá»‡ttÃ¬nh)Xemxeá»Ÿkhuvá»±cXÃ£ÄÃ n-Pháº¡mNgá»cTháº¡chtronggiá»hÃ nhchÃ­nh",1nÄƒmtrÆ°á»›c,B\xe1n C\xe0o C\xe0o Honda SL 230
23.900.000,"-MUABÃNTáº INHÃ€,Xedomamasá»­dá»¥ng,mamakhÃ´ngcÃ³báº±nglÃ¡inÃªnÃ­tÄ‘iÄ‘Ã¢u,Chá»‰cháº¡ylÃ²ngvÃ²ngkhuvá»±cgáº§nnhÃ Ä‘Ã³nchÃ¡uÄ‘ihá»c,nÃªncÃ²nkhÃ¡má»›i,-TÃ¬nhtráº¡ngxethÃ¬xemhÃ¬nhsáº½rÃµ,NguyÃªnzin100%tá»«ngconá»‘c,Ä‘áº§yÄ‘á»§2kiáº¿ng-2chÃ¬akhÃ³a,PhunxÄƒngÄ‘iá»‡ntá»­,phanhABS,báº£oÄ‘áº£mcháº¡y50km/1lÃ­t(Ä‘Ã£testthá»­),xebá»‘cÄ‘Ã£testthá»­chá»Ÿ2ngÆ°á»i100km/hngonlÃ nhcÃ nhÄ‘Ã o",1nÄƒmtrÆ°á»›c,*B\xc1N xe honda Vision (H\xccNH TH\u1eacT)*
21.500.000,"DoÄ‘á»•ixenÃªnbÃ¡nxevisonFi2012xanh,xecÃ²nmá»›i,khÃ´ngtráº§y,mÃ¡yráº¥tÃªm,cháº¡yngonvÃ lá»£ixÄƒng,xemxetáº¡inhÃ ,cÃ´ngchá»©ngchoanhchá»‹nÃ omuaxe",2nÄƒmtrÆ°á»›c,"Honda Vision Fi 2012 m\xe0u xanh, bstp"
8.000.000,"HÃ ngÄ‘Æ°á»£cchá»nlá»cráº¥tkÄ©trÆ°á»›ckhiÄ‘Æ°avá»nÆ°á»›cphá»¥cvá»¥anhem,XecÃ¡cÄ‘á»itá»«95-05Â ,Táº¥tcáº£Ä‘á»uhÃ ngnguyÃªnbáº£n,nguyÃªnrin,Má»ichitiáº¿txinvuilÃ²ngliÃªnhá»‡0944094820",2nÄƒmtrÆ°á»›c,"Honda Win 100 nh\u1eadp kh\u1ea9u, 8tr, NoPP"
58.500.000,"CÃ´ngchá»©ccáº§ntiá»ngiáº£iquyáº¿tcÃ´ngviá»‡c,bÃ¡nHondaCustom125(CM125),biá»ƒnHÃ Ná»™i04sá»‘,Ä‘á»ichÃ³t1999,Xenháº­pkháº©uNháº­tBáº£nnguyÃªnchiáº¿cchoanhemsá»­dá»¥ngTáº¿t,xenguyÃªnbáº£n100%,cá»±csangtrá»ngvÃ má»ichá»©cnÄƒnghoÃ nháº£o,xevá»sá»­dá»¥ngngaykhÃ´ngpháº£isá»­achá»¯agÃ¬vÃ¬tÃ´ichÄƒmsÃ³cká»¹,thÆ°á»ngxuyÃªnchiáº¿cxeyÃªuquÃ½",2nÄƒmtrÆ°á»›c,"b\xe1n Honda Custom 125 (CM125), Nh\u1eadt B\u1ea3n"
58.500.000,"CÃ´ngchá»©ccáº§ntiá»ngiáº£iquyáº¿tcÃ´ngviá»‡c,bÃ¡nHondaCustom125(CM125),biá»ƒnHÃ Ná»™i04sá»‘,Ä‘á»ichÃ³t1999,Xenháº­pkháº©uNháº­tBáº£nnguyÃªnchiáº¿cchoanhemsá»­dá»¥ngTáº¿t,xenguyÃªnbáº£n100%,cá»±csangtrá»ngvÃ má»ichá»©cnÄƒnghoÃ nháº£o,xevá»sá»­dá»¥ngngaykhÃ´ngpháº£isá»­achá»¯agÃ¬vÃ¬tÃ´ichÄƒmsÃ³cká»¹,thÆ°á»ngxuyÃªnchiáº¿cxeyÃªuquÃ½",2nÄƒmtrÆ°á»›c,"b\xe1n Honda Custom 125 (CM125), Nh\u1eadt B\u1ea3n"
75.000.000,"MÃ¬nhchá»§xecáº§nbÃ¡nmá»™txemÃ¡yHondaLA250TCustom,nguyÃªnbáº£n,biá»ƒnHCM,005,01,xeÄ‘á»i9x,Äá»‹aÄ‘iá»ƒmbÃ¡n:HÃ Ná»™i,VÃ¬khÃ´ngcÃ³nhucáº§udÃ¹ngnÃªnÄ‘á»ƒláº¡ichobáº¡nnÃ othÃ­chdÃ²ngxenÃ y,Báº¡nnÃ oquantÃ¢mxingáº·pPhÆ°Æ¡ng(Mr,)Ä‘t0979796930CÃ¡mÆ¡nvÃ¬Ä‘Ã£xemtin:)",2nÄƒmtrÆ°á»›c,B\xe1n xe m\xe1y Honda LA250T Custom \u2013 H\xe0 N\u1ed9i
250.000.000,"XEHONDASHADOW750CC,Cáº§nbÃ¡nxeHondashadowPhoenix750ccnháº­pkháº©u,sáº£nxuáº¥tnÄƒm,2008,ÄÄƒngkÃ½chÃ­nhchá»§táº¡iBáº¯cGiangÄ‘ÄƒngkÃ½nÄƒm2014,Xemá»›icháº¡y,Ä‘Æ°á»£c7288km(Náº¿ubÃ³cninonvÃ Ä‘Ã¡nhbÃ³ngláº¡ithÃ¬xenhÆ°má»›i),XenhÆ°tronghÃ¬nhcáº§nbÃ¡nâ€¦(baosangtÃªnchuyá»ƒnvÃ¹ngváº­n,chuyá»ƒn,),Xecáº§nbÃ¡nÄ‘á»ƒgiÃºpvá»‘nchoNgÆ°á»ikhÃ¡câ€¦",3nÄƒmtrÆ°á»›c,C\u1ea7n b\xe1n: xe Honda Shadow 750cc
22.500.000,"LÃªnÄ‘á»i4bÃ¡nh,nhÃ cháº­t,emtÃºctáº¯cchiatayHondaFortuneÄ‘á»i,2011chocÃ¡ccá»¥newbiecÃ´ntay,XemÃ uÄ‘en,Ä‘ÄƒngkÃ½thÃ¡ng12/2010biá»ƒnsá»‘quáº­nHoÃ nKiáº¿m,lÃ má»™t,trongnhá»¯ngbiá»ƒn5sá»‘""Ä‘áº·cbiá»‡t""9nÃºtÄ‘áº§utiÃªntáº¡iHÃ Ná»™i,cÃ¡ccá»¥,Ä‘isáº½tháº¥y""tÃ¡cdá»¥ng""(khoáº£nnÃ ykhÃ³nÃ³i:)),Cá»¥nÃ oÄ‘Ã£tÃ¬mhiá»ƒudÃ²ngnÃ ysáº½biáº¿t,mÃ¡ybá»‘cvÃ mÆ°á»£t,ÄƒnxÄƒngcá»±c",3nÄƒmtrÆ°á»›c,B\xe1n huy\u1ec1n tho\u1ea1i c\xf4n tay Honda Fortune
28.000.000,"HondaNháº­tbáº£nCG125chiáº¿nmÃ£TÃ¡ihiá»‡nláº¡ilá»‹chsá»­(CG125báº£nxuáº¥tnháº­t!!!),HONDACG125Model2017(XUáº¤TNHáº¬T)TÃ¡iHiá»‡nLáº¡iLá»‹chSá»­""Há»“iSinhMáº«uXeHuyá»nThoáº¡iHondaCG125Model2017""Phá»¥cVá»¥AEÄamMÃªDÃ²ngxeClassic,LÃ dÃ²ngxecÃ´ntayvangbÃ³ngmá»™tthá»icá»§ahondaÄ‘Æ°á»£cthá»‹trÆ°á»ngÆ°achuá»™ngbá»Ÿithiáº¿tkáº¿cÅ©ngnhÆ°cháº¥tlÆ°á»£ngsáº£npháº©m",1nÄƒmtrÆ°á»›c,Honda CG125 Model 2017 (b\u1ea3n xu\u1ea5t Nh\u1eadt )
58.500.000,"CÃ´ngchá»©ccáº§ntiá»ngiáº£iquyáº¿tcÃ´ngviá»‡c,bÃ¡nHondaCustom125(CM125),biá»ƒnHÃ Ná»™i04sá»‘,Ä‘á»ichÃ³t1999,Xenháº­pkháº©uNháº­tBáº£nnguyÃªnchiáº¿cchoanhemsá»­dá»¥ngTáº¿t,xenguyÃªnbáº£n100%,cá»±csangtrá»ngvÃ má»ichá»©cnÄƒnghoÃ nháº£o,xevá»sá»­dá»¥ngngaykhÃ´ngpháº£isá»­achá»¯agÃ¬vÃ¬tÃ´ichÄƒmsÃ³cká»¹,thÆ°á»ngxuyÃªnchiáº¿cxeyÃªuquÃ½",2nÄƒmtrÆ°á»›c,"b\xe1n Honda Custom 125 (CM125), Nh\u1eadt B\u1ea3n"
23.000.000,"Cáº§nbÃ¡nchiáº¿chondaÂ VisionÂ FimÃ uxÃ¡m,110phÃ¢nkhá»‘i,XecÃ²nnguyÃªnbáº£nláº¯m,biá»ƒnks29G1,xeÄ‘kÃ½thÃ¡ng9/2013,xeÃ­tsá»­dá»¥ngvÃ cÃ²ncá»±cngonnhÃ©,cÃ¡cbáº¡nmuasá»­dá»¥ngyÃªntÃ¢mlÃ mÃ¡ymÃ³cnguyÃªnzinvÃ hÃ¬nhthá»©cráº¥tmá»›i,XeÄ‘Ã£dÃ¡nnylongtoÃ nxe,Ä‘áº·cbiá»‡tÄ‘Ã£quáº¥ndÃ¢yÄ‘á»“ngbáº£ová»‡á»‘ngdáº«nxÄƒngÄ‘á»ƒphÃ²ngchuá»™tcáº¯n",2nÄƒmtrÆ°á»›c,C\u1ea7n b\xe1n chi\u1ebfc honda\xa0Vision\xa0Fi m\xe0u x\xe1m
12.500.000,"BÃ¡nxechÃ­nhchá»§,khÃ´ngquatrunggian,mÃ¡ymÃ³cphá»¥tÃ¹ngnguyÃªnbáº£n,Kiá»ƒmtraxethoáº£imÃ¡i,XebÃ¡nÄ‘ÃºnggiÃ¡,vuilÃ²ngkhÃ´ngmáº·ccáº£,GiÃ¡bÃ¡n:12,500,000Ä‘Â LiÃªnhá»‡:0903,278,569Â ",2nÄƒmtrÆ°á»›c,B\xe1n xe m\xe1y Honda Wave S 110
16.000.000,"Cáº§nbÃ¡n1xetaygaClickhÃ£ngHonda,Xená»¯Ä‘iÂ ,MÃ uÄ‘en,Báº£ngsá»‘thÃ nhphá»‘,Æ¯utiÃªnngÆ°á»iliÃªnhá»‡trÆ°á»›c",3nÄƒmtrÆ°á»›c,B\xe1n 1 xe Honda Click 2007
68.000.000,"HondaCBF190R2017máº«unakedbike190cchoÃ ntoÃ nmá»›icá»§aHondaVá»›imá»©c150ccÄ‘Ã£quÃ¡thÃ´ngdá»¥ngHondamuá»‘nmangÄ‘áº¿ncáº£mgiÃ¡cmáº¡nhmáº½hÆ¡nchongÆ°á»idÃ¹ngá»ŸphÃ¢nkhÃºc190ccnhÆ°ngváº«ngiá»¯Ä‘Æ°á»£ctrá»nglÆ°á»£ngkhÃ´ngtÄƒnglÃªnquÃ¡nhiá»u140Kg,solá»‡nhkhÃ´nglá»›nvá»›idÃ²ng150ccthÃ´ngdá»¥ng,XeÄ‘Æ°á»£ctrangbá»‹cÃ´ngnghá»‡phungxÄƒngÄ‘iá»‡ntá»­PGM-FI,kÃ¨mÄ‘Ã³lÃ á»©ngdá»¥ngcÃ¡ccÃ´ngnghá»‡giáº£mmasÃ¡tÄ‘á»ƒCBF190Rsá»Ÿhá»¯umá»©ctiÃªuhaonhiÃªnliá»‡ucá»§a1chiáº¿c150cc",1nÄƒmtrÆ°á»›c,Honda CBF 190R 2017 nh\u1eadp nguy\xean chi\u1ebfc
160.000,"NHÃ‚NDá»ŠPKHAITRÆ¯Æ NGNGÃ€Y1/10/2017Showroom:415Pháº¡mVÄƒnÄá»“ng,PhÆ°á»ngLinhÄÃ´ngQThá»§Äá»©cTPHCM,(NgayvÃ²ngxoayPháº¡mVÄƒnÄá»“ngvÃ KhaVáº¡nCÃ¢nQ,Thá»§Äá»©c)LÃ´hÃ ngHondarebel300abs2017cáº­pbáº¿n!!!GiÃ¡sá»‘cTrÃªn160Tr(chÆ°aVATvÃ khoáº£nchiphÃ­khÃ¡c,)Callngay:0982496898Há»•trá»£tráº£gÃ³pthá»§tá»¥cnhanh,gá»n,xinvuilÃ²ngcallHotlinetráº£gÃ³p:HÃ Ná»™i:0944081368SÃ iGÃ²n:0908532018ChÆ°Æ¡ngtrÃ¬nhkhuyáº¿nmÃ£ithÃ¡ngvÃ nggiÃ¡sá»‘cshowroom5thÆ°á»Ÿngmotor415Pháº¡mVÄƒnÄá»“ng,Q",1nÄƒmtrÆ°á»›c,\u0110\u1eadp th\xf9ng Honda rebel 300 abs 2017
275.000.000,"NhÃ¢ndá»‹pkhaitrÆ°Æ¡ngngÃ y1/10/2017Showroom:415pháº¡mvÄƒnÄ‘á»“ng,phÆ°á»nglinhÄ‘Ã´ngQThá»§Äá»©cTPHCM,(NgayvÃ²ngxoayPháº¡mVÄƒnÄá»“ngvÃ KhaVáº¡nCÃ¢nQuáº­nThá»§Äá»©c)Hondarebell2502015""Nháº­pMá»¹""GiÃ¡sá»‘c:2xxTriá»‡u,Callngay:0982496898Ä‘á»ƒcÃ³giÃ¡tá»‘tnháº¥tChÆ°Æ¡ngtrÃ¬nhkhuyáº¿nmÃ£ithÃ¡ngvÃ nggiÃ¡sá»‘cthÆ°á»ŸngmototÆ°ngbá»«ngkhaitrÆ°Æ¡ngshowroommá»›ithÆ°á»Ÿngmoto(Ã¡pdá»¥ngtrÃªnpháº¡mvitoÃ nquá»‘c)https://www",1nÄƒmtrÆ°á»›c,Honda rebel 250 2015 \u201cNh\u1eadp M\u1ef9\u201d
40.500.000,"NhÃ cháº­tnÃªnÄ‘emcÃ¡ixeÃ­tcháº¡ylÃªnbÃ¡nhoáº·cÄ‘á»•i,HondaAirblade125phiÃªnbáº£nmÃ uÄ‘ennhÃ¡mblackedition,cÃ³remote,xecÃ²nÄ‘áº¹pkhoáº£ng90%,báº£ngsá»‘thÃ nhphá»‘5nÃºt,Ä‘ÄƒngkÃ½thÃ¡ng09/2015,odo9,000,mÃ¡ymÃ³czinÃªmkhÃ´nghÃºhÃ­,cÃ²nsá»•báº£ohÃ nh,1kÃ­nhvÃ 1chÃ¬akhÃ³alá»›ncÃ³remote,baocÃ´ngchá»©ngmuabÃ¡n1phÃºt30giÃ¢y,sangtÃªnhoáº·cá»§yquyá»nÄ‘á»uÄ‘Æ°Æ¡c,xemxeá»ŸQuáº­n10",1nÄƒmtrÆ°á»›c,Honda AirBlade 125 \u0111en nh\xe1m 2015
14.000.000,"MÃ¬nhcáº§nbÃ¡nxeWavealphaÄ‘á»,A/cnÃ ocÃ³nhucáº§uliÃªnhá»‡rÆ°á»›cenÃ³nhÃ©,XecongÃ¡iÄ‘inÃªngiá»¯gÃ¬ncáº©ntháº­n,khÃ¡má»›i,Biá»ƒnsá»‘tá»‰nhBÃ¬nhThuáº­n686-B3MuanÄƒm2014,Ä‘iÄ‘Æ°á»£ckhoáº£ng21,000kmMÃ¡ynguyÃªnzinchÆ°aÄ‘á»¥ngcháº¡m,Giáº£mxÃ­uchongÆ°á»inhanhgá»n",1nÄƒmtrÆ°á»›c,B\xe1n g\u1ea5p xe Honda Wave Alpha \u0111\u1ecf.
36.000.000,"Cáº§nbÃ¡n1xeÂ Hondamaster3125ccÄ‘á»i2015,XeÄ‘áº¹podo9000km,Â Biá»ƒnhÃ ná»™igiáº¥ytá»Ä‘áº§yháº£iquanchÃ­nhngháº¡chMÃ¡ymÃ³cnguyÃªnbáº£nÃªmthÃºtthÃ­tnhÆ°xeÄ‘iá»‡n,Ráº¥tthÃ­chhá»£pÄ‘iÄ‘Æ°á»ngdÃ ikhÃ´ngÄ‘aulÆ°ngLiÃªnhá»‡imessfbzaloviber:0988902723",2nÄƒmtrÆ°á»›c,B\xe1n Honda master 3 125cc \u0111\u1eddi 2015
9.800.000,"Cáº§nbÃ¡nxemÃ¡ydreamthÃ¡iIIbiá»ƒnlá»™cphÃ¡t89-6086,xecháº¯c,khoáº»,Â Ä‘icáº­ntháº­n,báº£odÆ°á»¡ngÂ Ä‘á»‹nhká»³,liÃªnhá»‡,0943126812",3nÄƒmtrÆ°á»›c,B\xe1n xe m\xe1y honda dream th\xe1i II
10.000,"MangphongcÃ¡chhoÃ icá»•,HondaRebel250táº¡osá»©chÃºtmÃ£nhliá»‡ttá»«cÃ¡inhÃ¬nÄ‘áº§utiÃªnchongÆ°á»iÄ‘ammÃªphongcÃ¡chclassic!!!!Classicmangláº¡isá»±Máº¡nhmáº½vÃ Ä‘áº§ynamtÃ­nhmÃ dÃ¢nchÆ¡ixeViá»‡tNamyÃªuthÃ­chnhá»¯ngnÄƒmtháº­pniÃªn1990,Ä‘áº¿nbÃ¢ygiá»phongcÃ¡chhoÃ icá»•áº¥yváº«nkhÃ´ngbá»‹quÃªnlÃ£ng,mÃ cÃ²nráº¥tÄ‘Æ°á»£cÆ°achuá»™ngvÃ Ä‘Æ°á»£cgiá»›iÄ‘ammÃªxesÄƒnÄ‘Ã³n",1nÄƒmtrÆ°á»›c,Honda Rebel 250 2015 Nh\u1eadp M\u1ef9
355.000.000,"NHÃ‚NDá»ŠPKHAITRÆ¯Æ NGNGÃ€Y1/10/2017Showroom:415Pháº¡mVÄƒnÄá»“ng,PhÆ°á»ngLinhÄÃ´ngQThá»§Äá»©cTPHCM,(NgayvÃ²ngxoayPháº¡mVÄƒnÄá»“ngvÃ KhaVáº¡nCÃ¢nQ,Thá»§Äá»©c)Vá»thÃªmlÃ´hÃ ngHondaCB400ABSEdition2017,GiÃ¡Tá»‘tnháº¥tchoQÃºyÃ”ngViá»‡t,GIÃKHUYáº¾NMÃƒIÄáº¶CBIá»†T,ğŸ‘‰Callngay:0982496898,Há»•trá»£tráº£gÃ³pthá»§tá»¥cnhanh,gá»n,xinvuilÃ²ngcallHotlinetráº£gÃ³p:HÃ Ná»™i:0944081368SÃ iGÃ²n:0908532018ChÆ°Æ¡ngtrÃ¬nhkhuyáº¿nmÃ£ithÃ¡ngvÃ nggiÃ¡sá»‘cshowroom5thÆ°á»Ÿngmotor415Pháº¡mVÄƒnÄá»“ng,Q",1nÄƒmtrÆ°á»›c,Honda CB 400 ABS Edition 2017
100.000,"ChothuÃªxemÃ¡ytáº¡iÄá»“ngHá»›iQuáº£ngBÃ¬nh0931390038nhiá»‡ttÃ¬nh,chuÄ‘Ã¡ová»›igiÃ¡thuÃªxesá»‘vÃ xegatá»«120kÄ‘áº¿n200kcá»§acÃ¡chÃ£ngHondavÃ Yamaha,xemá»›i,cháº¥tlÆ°á»£ngtá»‘t,Gá»isá»‘0931390038táº¡iÄá»“ngHá»›iQuáº£ngBÃ¬nhÄ‘á»ƒbiáº¿tthÃªmchitiáº¿tnhÃ©,ChÃºccÃ¡cbáº¡nvuiváº»!",1nÄƒmtrÆ°á»›c,"Thu\xea Xe M\xe1y \u0110\u1ed3ng H\u1edbi Qu\u1ea3ng B\xecnh, Honda v\xe0 Yamaha"
52.000.000,"HondaCL501968nguyÃªnzinluÃ´nkhÃ´nglaitáº¡pmÃ³nnÃ o,HÃ ngnháº­pJapantuyá»ƒnchá»n,giÃ¢ytá»Ä‘áº§yÄ‘á»§chÃ­nhchá»§baokÃ½giáº¥ycÃ´ngchá»©ngá»§yquyá»nah,NÃ³ichunglÃ zintá»«A-Z,(bagazinbáº«ychuá»™tváº«ncÃ²n),XeÄ‘anghoáº¡tÄ‘á»™nghoÃ nháº£omÃ¡yimreluÃ´nchoaenÃ ocÃ³Ä‘iá»ukiá»‡nsÆ°utáº§m,HÃ¬nhtháº­tenÃ³aecoiÄ‘Ã¡nhgiÃ¡giÃ¹m",1nÄƒmtrÆ°á»›c,Honda CLs50 nguy\xean zin ch\xednh ch\u1ee7
14.800.000,"Äá»•ixe,cáº§nbÃ¡nxehondawaversxfi,Ä‘ÄƒngkÃ­láº§nÄ‘áº§u5/3/2015,cavecchÃ­nhchá»§,1Ä‘á»ichá»§,_dÃ nÃ¡ongoÃ icÃ²nmá»›inhÆ°hÃ¬nh,cÃ²nkhoáº£ng90/%,_mÃ¡ymÃ³czinnguyÃªn100/%chÆ°aÄ‘á»¥ngcháº¡mchá»‰nhsá»­a,_ráº¥ttiáº¿tkiá»‡mxÄƒng,Ä‘Æ°á»ngthÃ nhphá»‘táº§m62km/lit(Ä‘Ã£canhxÄƒng)_oddo29kkm,_Â xeÂ chÃ­nhchá»§sangtÃªnÄ‘á»•ichá»§1ná»‘tnháº¡c",1nÄƒmtrÆ°á»›c,"Honda wave rsx fi , cvcc, 2015"
34.000.000,"Cáº§nbÃ¡nxeHondaLead125,Ä‘á»i2015,mÃ uVÃ ngNÃ¢udÃ²ngÄ‘áº·tbiá»‡t,xemuamá»›iná»­sá»­dá»¥ng,sÆ¡nkhÃ´ngtráº§yxÆ°á»›c,mÃ¡yÃªmzin,nayÄá»‹nhbÃ¡nláº¡iÄ‘á»ƒÄ‘á»•ixekhÃ¡canhchá»‹nÃ ocÃ³nhucáº§uliÃªnhá»‡xemxetáº¡inhÃ ngaychá»§bÃ¡n,CÃ´ngchá»©ngliá»nsaukhigiÃ¡cáº£xong",2nÄƒmtrÆ°á»›c,Honda Lead 125 m\xe0u V\xe0ng N\xe2u
24.300.000,"MuÌnnÃ¢ngcÃ¢ÌplÃªnshnÃªncÃ¢Ì€nbaÌnlaÌ£ixeab110fiÄ‘oÌ‰Ä‘ensportyXebstpchiÌnhchuÌ‰sangtÃªnnhanhchoÌng,XemuacuÃ´Ìi2011,XevÆ°Ì€alÃ´Ì£tkeonÃªncoÌ€nrÃ¢ÌtmÆ¡Ìi,xeÄ‘irÃ¢ÌtngonchÆ°asÆ°ÌƒachÆ°ÌƒagiÌ€,thaynhÆ¡ÌtÄ‘ÃªÌ€uÄ‘ÄƒÌ£n,CaÌcbaÌ£nxemxeseÌƒthiÌchmuavÃªÌ€laÌ€sÆ°Ì‰duÌ£ngngay,GiaÌbaÌn24tr300,XemxeÆ¡Ì‰kcntÃ¢nbiÌ€nh",2nÄƒmtrÆ°á»›c,B\xe1n xe Honda Airblade fi \u0111\u1ecf \u0111en
22.000.000,"Xehondadylanxe153cc,biá»ƒnsá»‘(9nÃºt),68-Lá»™cPhÃ¡t,ChÃ­nhchá»§cáº§nbÃ¡nxehondadylanxe150ccdÃ²ngxenháº­pkháº©u,biá»ƒnsá»‘(9nÃºt)thÃ nhphá»‘chÃ­nhchá»§,xemÃ utráº¯ng,Ä‘á»i2004,xecÃ²nÄ‘áº¹pmÃ¡ymÃ³cÃªmru,vÃ´gavoá»t,xeliá»nláº¡c,cÃ³hÆ¡itráº§y-chiasáº»choaenÃ³itháº­t,xemuavá»lÃ sá»­dá»¥ngngaygiÃ¡bÃ¡n22tr",2thÃ¡ngtrÆ°á»›c,"Xe honda dylan xe 153cc, bi\u1ec3n s\u1ed1 (9 n\xfat), 68 - L\u1ed9c Ph\xe1t"
57.000.000,"XeHondaSh125icÅ©nháº­pkháº©uÃmÃ uxanhÄ‘Ã¡muamá»›itá»«nÄƒm2011,Â NhÃ mÃ¬nhÄ‘angcáº§nbÃ¡nchiáº¿cxeHondaSh125inháº­pkháº©uÃmÃ uxanhÄ‘Ã¡muamá»›itá»«nÄƒm2011,,naymá»ingÆ°á»itrongnhÃ Ä‘Ã£Ä‘á»•iháº¿tsangxekhÃ¡c,xedá»±ngá»ŸnhÃ kosá»­dá»¥ngÄ‘áº¿nnÃªncáº§nnhÆ°á»£ngláº¡ichoaicÃ³nhucáº§u,NhÃ mÃ¬nhÄ‘ixeráº¥tgiá»¯gÃ¬n,koÄ‘á»ƒvaquá»‡thayÄ‘Ã¢mÄ‘á»•,mÃ¡ymÃ³cngÃ ytrcÄ‘ithÆ°á»ngxuyÃªnthaydáº§uvÃ báº£odÆ°á»¡ngá»Ÿtáº¡inhá»¯ngÄ‘á»‹aÄ‘iá»ƒmuytÃ­nchuyÃªndÃ²ngxecaocáº¥pá»ŸHÃ Ná»™i",7thÃ¡ngtrÆ°á»›c,Xe Honda Sh 125i c\u0169 nh\u1eadp kh\u1ea9u \xdd m\xe0u xanh \u0111\xe1 mua m\u1edbi t\u1eeb n\u0103m 2011
42.000.000,"HONDAPCX2014FiXEQUÃMá»šIMÃ usÆ¡n:Tráº¯ngHoaVÄƒnSangTrá»ngNÄƒmÄÄƒngKÃ½:2014Biá»ƒnSá»‘:ThÃ nhPhá»‘GiÃ¡bÃ¡n:42Triá»‡u(ThÆ°Æ¡ngLÆ°á»£ng)Quyá»nLá»£iKhÃ¡chHÃ ngKhiMuaXe,Báº£ohÃ nh:2nÄƒmvá»mÃ¡yBáº£oDÆ°á»¡ngÄá»‹nhKá»³1000KMmiá»…nphÃ­,Thaynhá»›tmá»›ihoÃ ntoÃ nmiá»…nphÃ­saumuaxe,Thá»§tá»¥cmuaxenhanhgá»n,giáº¥ytá»Ä‘áº§yÄ‘á»§vÃ há»£pphÃ¡p",9thÃ¡ngtrÆ°á»›c,"B\xe1n xe Honda PCX 2014 Fi tr\u1eafng, ch\xednh ch\u1ee7, xe qu\xe1 m\u1edbi"
75.000.000,"Tá»¨QUÃ99992""Sá»°TRÆ¯á»œNGTHá»ŒVÃ€MAYMáº®N""HONDAAIRBLADEMÃ usÆ¡n:Äá»ÄenNÄƒmÄÄƒngKÃ½:2016GiÃ¡bÃ¡n:75Triá»‡u(GiÃ¡CÃ²nThÆ°Æ¡ngLÆ°Æ¡ng)""Quyá»nLá»£iKhÃ¡chHÃ ngKhiMuaXe,""Báº£ohÃ nh:2nÄƒmvá»mÃ¡yBáº£oDÆ°á»¡ngÄá»‹nhKá»³1000KMmiá»…nphÃ­,Thaynhá»›tmá»›ihoÃ ntoÃ nmiá»…nphÃ­saumuaxe,Thá»§tá»¥cmuaxenhanhgá»n,giáº¥ytá»Ä‘áº§yÄ‘á»§vÃ há»£pphÃ¡p",9thÃ¡ngtrÆ°á»›c,"Bi\u1ec3n T\u1ee9 Qu\xfd 99992, Honda AB \u0110\u1ecf \u0110en 2016, Ch\xednh Ch\u1ee7"
ThÆ°Æ¡ng lÆ°á»£ng,"XegÄ‘Ä‘igiá»¯gÃ¬nvÃ báº£oquáº£ntá»‘tnÃªncÃ²nÄ‘áº¹plonhlanh,mÃ¡ymÃ³cthÆ°á»ngxuyÃªnÄ‘cbáº£odÆ°á»¡ngvÃ thaydáº§uÄ‘ká»³nÃªnvá»cháº¥tlÆ°á»£ngthÃ¬cÃ²ntá»‘t,AicÃ³nhucáº§nxinLH:AHÆ°ng0936362181",10thÃ¡ngtrÆ°á»›c,"C\u1ea7n b\xe1n Honda PCX Fi 2011 bi\u1ec3n HN, ch\xednh ch\u1ee7 s\u1eed d\u1ee5ng"
60.000.000,"HondaCB-400cc-revoABS-2015nguyÃªnbáº£nlengkengcá»±cÄ‘áº¹pzin100%má»›inhÆ°thÃ¹ng,liÃªnhá»‡0121,5555,412AnhSangcÃ³zalo",2thÃ¡ngtrÆ°á»›c,Honda CB-400cc-revo ABS-2015 nguy\xean b\u1ea3n leng keng c\u1ef1c \u0111\u1eb9p zin 100% m\u1edbi
27.500.000,"TÃ´icÃ³nhucáº§ubÃ¡nxeHondaAirbaldeFImÃ uÄ‘enÄ‘á»i2009,cÃ³phunxÄƒngÄ‘iá»‡ntá»­,Ä‘Ã£Ä‘i3váº¡nkm,nguyÃªnbáº£nbáº£odÆ°á»¡nghead,xeÃ­tÄ‘i,MuabÃ¡nchÃ­nhchá»§táº¡inhÃ ,GiÃ¡27,5tr>liÃªnhá»‡ADÆ¯Æ¡ng01689150688,BÃ¡nchongÆ°á»isá»­dá»¥ngkhÃ´ngtiáº¿pcÃ²",3thÃ¡ngtrÆ°á»›c,"B\xe1n xe Honda Airbalde FI \u0111\u1eddi 2009, ch\xednh ch\u1ee7 nguy\xean b\u1ea3n"
ThÆ°Æ¡ng lÆ°á»£ng,"Äáº¶CBIá»†T:NhÃ¢nngÃ y8/3,cá»­ahÃ ngmiá»…nphÃ­thuáº¿chá»©cbáº¡choxeSH125muatrongthÃ¡ng3,Cá»­ahÃ ngxemÃ¡y250Phá»‘Huáº¿-Má»™ttrongnhá»¯ngcá»­ahÃ ngbÃ¡nxemÃ¡yÄ‘áº§utiÃªntáº¡iHÃ Ná»™i,QuaquÃ¡trÃ¬nhhÆ¡n30nÄƒmkinhnghiá»‡mkinhdoanhtronglÄ©nhvá»±cxemÃ¡y,cá»­ahÃ ngÄ‘Ã£táº¡odá»±ngÄ‘Æ°á»£cchomÃ¬nhmá»™tthÆ°Æ¡nghiá»‡u-uytÃ­ntronglÃ ngcungcáº¥pxemÃ¡ycÅ©ngnhÆ°uytÃ­ntrÃªnthá»‹trÆ°á»ngmiá»nBáº¯c",8thÃ¡ngtrÆ°á»›c,"C\u1eeda h\xe0ng xe Honda SH, LX, Liberty ch\xednh h\xe3ng, 250 Ph\u1ed1 Hu\u1ebf H\xe0 N\u1ed9i"
19.500.000,"Cáº§nbÃ¡nxeHondaViá»‡tNamLEADFi-2011Ä‘á»ichÃ³tmÃ uTráº¯ngbiá»ƒnHÃ ná»™i30M1-9139,Xechá»‰sá»­dá»¥ngÄ‘iláº¡itá»«nhÃ tá»›icÆ¡quan,Ä‘Ã£dÃ¡nnilon,láº¯pbá»™báº£ová»‡Inox,phá»¥tÃ¹ngnguyÃªnbáº£nnhÆ°lÃºcmuamá»›i,2gÆ°Æ¡ng2khÃ³aÄ‘á»§,Xecháº¥tlÆ°á»£ngcao,Ä‘iráº¥tcháº¯ccháº¯n,mÃ¡ykhá»evÃ tiáº¿tkiá»‡mxÄƒng",9thÃ¡ngtrÆ°á»›c,B\xe1n nhanh Honda Lead 110 Fi m\xe0u tr\u1eafng \u0111\u0103ng k\xfd cu\u1ed1i 2011
11.500.000,"BÃ¡nxewavehondamÃ uÄ‘enchÃ­nhchá»§(nguÃ´Ì€ngÃ´ÌrÃµrÃ ng),nguyÃªnrintá»«ngconá»‘c,Ä‘á»i2007,giáº¥ytá»Ä‘áº§yÄ‘á»§,xeÄ‘irÃ¢Ìtká»¹,bÃ£odÆ°á»¡ngvÃ thaynhá»›tcaocÃ¢ÌpÄ‘á»‹nhká»³(nhá»›tmotul300v)muavÃªÌ€chá»‰viÃªÌ£cÄ‘Ã´Ì‰xÄƒngcháº¡ythÃ´i,giÃ¡11,5triá»‡u,BÃ¡nhoáº·cÄ‘Ã´Ì‰ixecÃ´ntayXemxetáº¡inhÃ (gÃ²vÃ¢Ìp-tphcm)VuilÃ²nggá»i:0967",10thÃ¡ngtrÆ°á»›c,B\xe1n xe wave honda m\xe0u \u0111en ch\xednh ch\u1ee7 (ngu\u1ed3n g\u1ed1 r\xf5 r\xe0ng)
21.000.000,"BÃ¡nxeHondaAirbladeÂ Fi110cccÅ©mÃ uÄ‘á»Ä‘en,2012,Â ChÃ­nhchá»§ngaymÃ¬nhÄ‘á»©ngtÃªn,Biá»ƒnsá»‘ThÃ nhphá»‘HCM,BaocÃ´ngchá»©nggiáº¥ytá»khimuaxe-XemÃ¡ymÃ³czin100%,dÃ nÃ¡ová»«alá»™tkeoráº¥tmá»›i,-Xemxetáº¡inhÃ 249VÆ°á»nLÃ i,Q,TÃ¢nPhÃº,Tp,hcm",7thÃ¡ngtrÆ°á»›c,"B\xe1n xe Honda Air blade  Fi 110cc c\u0169 m\xe0u \u0111\u1ecf \u0111en, 2012"
96.000.000,"HONDASH150iCBS2017XEMá»šITINHMÃ usÆ¡n:Tráº¯ngTinhKhÃ´iNÄƒmÄÄƒngKÃ½:2017GiÃ¡bÃ¡n:96Triá»‡u(ThÆ°Æ¡ngLÆ°á»£ng)Odo:1400Km""Quyá»nLá»£iKhÃ¡chHÃ ngKhiMuaXe,""Báº£ohÃ nh:2nÄƒmvá»mÃ¡yBáº£oDÆ°á»¡ngÄá»‹nhKá»³1000KMmiá»…nphÃ­,Thaynhá»›tmá»›ihoÃ ntoÃ nmiá»…nphÃ­saumuaxe,Thá»§tá»¥cmuaxenhanhgá»n,giáº¥ytá»Ä‘áº§yÄ‘á»§vÃ há»£pphÃ¡p",9thÃ¡ngtrÆ°á»›c,"Honda SH 150i 2017 CBS Tr\u1eafng, Qu\xe1 M\u1edbi, BH 2 N\u0103m"
45.000.000,"HONDAAIRBLADEBIá»‚NTá»¨QUÃ6666MÃ usÆ¡n:CamÄenNÄƒmÄÄƒngKÃ½:2013GiÃ¡bÃ¡n:45Triá»‡u(ThÆ°Æ¡ngLÆ°á»£ng)""Quyá»nLá»£iKhÃ¡chHÃ ngKhiMuaXe,""Báº£ohÃ nh:2nÄƒmvá»mÃ¡yBáº£oDÆ°á»¡ngÄá»‹nhKá»³1000KMmiá»…nphÃ­,Thaynhá»›tmá»›ihoÃ ntoÃ nmiá»…nphÃ­saumuaxe,Thá»§tá»¥cmuaxenhanhgá»n,giáº¥ytá»Ä‘áº§yÄ‘á»§vÃ há»£pphÃ¡p",9thÃ¡ngtrÆ°á»›c,"Bi\u1ec3n t\u1ee9 qu\xfd 46666 Honda AB 2013 cam \u0111en, ch\xednh ch\u1ee7"
ThÆ°Æ¡ng lÆ°á»£ng,"Dochuyá»ƒncÃ´ngtÃ¡cvÃ oNamnÃªntÃ´icáº§nbÃ¡nxeHondaRSX2013,xechÃ­nhchá»§,chÆ°ahá»nggÃ¬,xecÃ²nmá»›i,Ã­tsá»­dá»¥ng,AicÃ³nhucáº§uxinliÃªnhá»‡vá»›itÃ´itheosá»‘MrHÆ°ng0912215698,GiÃ¡bÃ¡n:12,500,000vnÄ‘,cÃ³thÆ°Æ¡nglÆ°á»£ngchoaithá»±csá»±cÃ³nhucáº§umua",7thÃ¡ngtrÆ°á»›c,"C\u1ea7n b\xe1n xe Honda RXS 2013, ch\xednh ch\u1ee7, xe c\xf2n m\u1edbi \u0111i \xedt"
98.000.000,"HONDASH150iCBS-XEMá»šI100%XEMá»šITINHMÃ usÆ¡n:Tráº¯ngSangTrá»ngNÄƒmÄÄƒngKÃ½:2018GiÃ¡bÃ¡n:115Triá»‡u(BaoRaTÃªn,ThÆ°Æ¡ngLÆ°á»£ng)""Quyá»nLá»£iKhÃ¡chHÃ ngKhiMuaXe,""Báº£ohÃ nh:2nÄƒmvá»mÃ¡yTáº·ngngay01mÅ©báº£ohiá»ƒm,Báº£oDÆ°á»¡ngÄá»‹nhKá»³1000KMmiá»…nphÃ­,Thaynhá»›tmá»›ihoÃ ntoÃ nmiá»…nphÃ­saumuaxe",9thÃ¡ngtrÆ°á»›c,"B\xe1n xe Honda SH 150i CBS 2018, xe m\u1edbi, bao ra t\xean"
115.000.000,"HONDASH150iABS-XEMá»šI100%XEMá»šITINHMÃ usÆ¡n:Äá»SangTrá»ngNÄƒmÄÄƒngKÃ½:2017GiÃ¡bÃ¡n:115Triá»‡u(BaoraTÃªn,ThÆ°Æ¡ngLÆ°á»£ng)""Quyá»nLá»£iKhÃ¡chHÃ ngKhiMuaXe,""Báº£ohÃ nh:2nÄƒmvá»mÃ¡yBáº£oDÆ°á»¡ngÄá»‹nhKá»³1000KMmiá»…nphÃ­,Thaynhá»›tmá»›ihoÃ ntoÃ nmiá»…nphÃ­saumuaxe,Thá»§tá»¥cmuaxenhanhgá»n,giáº¥ytá»Ä‘áº§yÄ‘á»§vÃ há»£pphÃ¡p",9thÃ¡ngtrÆ°á»›c,"B\xe1n Xe M\u1edbi Honda SH 150i, \u0110\u1ecf, 2017 ABS, BH 2 n\u0103m"
75.000.000,"HONDAAIRBLADEFiThÃ¡i2011MÃ usÆ¡n:ÄenÄá»NÄƒmÄÄƒngKÃ½:2011GiÃ¡bÃ¡n:75Triá»‡u(GiÃ¡CÃ²nThÆ°Æ¡ngLÆ°á»£ng)""Quyá»nLá»£iKhÃ¡chHÃ ngKhiMuaXe,""Báº£ohÃ nh:2nÄƒmvá»mÃ¡yBáº£oDÆ°á»¡ngÄá»‹nhKá»³1000KMmiá»…nphÃ­,Thaynhá»›tmá»›ihoÃ ntoÃ nmiá»…nphÃ­saumuaxe,Cá»­ahÃ ngcÃ³chÆ°Æ¡ngtrÃ¬nhtráº£gÃ³pmuaxedongÃ¢nhÃ ngHDBANKSÃ iGÃ²nhá»—trá»£,lÃ£isuáº¥tcá»±cÆ°uÄ‘Ã£i,thá»§tá»¥cÄ‘Æ¡ngiáº£n,NhanhGá»nchá»‰cÃ³táº¡iTRUNGTÃ‚MKINHDOANHXEMÃYPHÃTMINH",9thÃ¡ngtrÆ°á»›c,"Xe Honda Air Blade Fi Th\xe1i 2011, M\xe1y Zin, BH 2 N\u0103m"
88.000.000,"TÃ´icáº§nbÃ¡nHondaSHi150mÃ ucÃ phÃªÄ‘á»i2009,xeÄ‘ihÆ¡n1váº¡nkm,hÃ¬nhthá»©cráº¥tmá»›i,chÆ°avaquá»‡ttráº§yxÆ°á»›c,Ä‘icáº©ntháº­ngiá»¯gÃ¬n,thaydáº§ubáº£odÆ°á»¡ngÄ‘á»‹nhkÃ¬,áº£nhÄ‘ÄƒnglÃ xetháº­t,giÃ¡88tr,MTG",1nÄƒmtrÆ°á»›c,B\xe1n Honda SHi150 m\xe0u c\xe0 ph\xea \u0111\u1eddi 2009
180.000.000,"NhÃ mÃ¬nhÄ‘angmuá»‘nbÃ¡nHondaSH150CCsportyÄ‘á»Ä‘un2010Â nháº­pcá»§aÃ,chÃ­nhchá»§giáº¥ytá»Ä‘á»§,Má»›iÄ‘iÄ‘Æ°á»£chÆ¡n3000kmÄ‘áº¯pchiáº¿ulÃ chÃ­nh,Má»›i98%,khÃ´ngváº¿txÆ°á»›c,chÆ°atá»«ngquabáº£odÆ°á»¡nghaysá»­achá»¯a,Má»ingÆ°á»icÃ³thá»ƒyÃªntÃ¢mvá»chiáº¿cxehÃ nghiáº¿mnÃ y,AicÃ³nhucáº§uxinliÃªnhá»‡:AnhLÄƒng:0985819908hoáº·c0986701990",1nÄƒmtrÆ°á»›c,Honda SH 150CC sporty \u0111\u1ecf \u0111un 2010 nh\u1eadp c\u1ee7a \xdd
78.900.000,"Xemá»›inhÆ°thÃ¹ng,mÃ utráº¯ng,Ä‘ÄƒngkÃ½2014,Xemá»›icháº¡yÄ‘Æ°á»£c6000,nÃ³ichunglÃ nhÃ¬nhÃ¬nhsáº½biáº¿trÃµ,hÃ¬nhsaothÃ¬xenhÆ°váº­y,CÃ³fixnháº¹choanhchá»‹emnhiá»‡ttÃ¬nhquaxemxe,Máº¥yanhcÃ²lÃ¡ixinmiá»…ntiáº¿pnhÃ©cÃ¡mÆ¡n",1nÄƒmtrÆ°á»›c,Xe HONDA SH l\xean m\u1eabu \xfd tr\xf9m m\u1ec1m \u0111\u0103ng k\xfd 2014
21.000.000,"BÃ¡nxeHondaWaveRSX110FI,Ä‘á»i2017,mÃ uÄ‘á»Ä‘en,bÃ¡nhcÄƒm,tháº¯ngÄ‘Ã¹m,Sá»•báº£ohÃ nh,giáº¥ytá»Ä‘áº§yÄ‘á»§,Xemá»›imuathÃ¡ng5/2017,cháº¡ychÆ°aÄ‘áº¿n500km,chÆ°abáº£ohÃ nhláº§nnÃ o,ThanhtoÃ¡nbáº±ngtiá»nmáº·thoáº·cchuyá»ƒnkhoáº£nngÃ¢nhÃ ng,LiÃªnhá»‡SÆ¡nBÃ¬nh,Äá»‹achá»‰:3/4ALÃªThá»‹HÃ ,huyá»‡nHÃ³cMÃ´n,Tp",1nÄƒmtrÆ°á»›c,"B\xe1n xe Honda Wave RSX 110 FI, \u0111\u1eddi 2017."
17.000.000,"*Má»™tsiÃªupháº©máº¥ntÆ°á»£ngcá»§aHondaNháº­tBáº£n-HondaCrea50cc-Xegahá»™itá»¥Ä‘áº§yÄ‘á»§cÃ¡cyáº¿utá»‘AnToÃ n-Tháº©mMá»¹vÃ Tiá»‡nÃch,-Xetayga50ccnháº­ptrá»±ctiáº¿ptá»«Nháº­t,vivudáº¡ophá»‘mÃ khÃ´ngcáº§nbáº±nglÃ¡i,-CÃ´ngnghá»‡Ä‘á»tá»«khÃ´ngnghetiáº¿ngÄ‘á»™ng,mÃ¡yná»•ÃªmnhÆ°xeÄ‘iá»‡n,-Thiáº¿tkáº¿nhá»xinhmangdÃ¡ngváº»cá»•Ä‘iá»ƒn",2nÄƒmtrÆ°á»›c,Honda Crea 50cc - Xe ga n\u1ed9i \u0111\u1ecba Nh\u1eadt !!!
155.000.000,"BÃ¡nxeHondaShi150ccnháº­pkháº©umÃ utráº¯ng2phanhÄ‘Ä©asport,,nguyÃªnbáº£n,háº§unhÆ°khÃ´ngsá»­dá»¥ng,cÃ²nráº¥tmá»›i,Ä‘Ã£báº£odÆ°á»¡ngvÃ ,thaydáº§uÄ‘á»‹nhkÃ¬táº¡ihÃ£ng,ná»¯sá»­dá»¥ng,Ä‘Ã£dÃ¡ntoÃ nbá»™nylonvÃ ,inox,Ä‘iÄ‘Æ°á»£c12000km,giá»¯ráº¥tcáº©ntháº­n,Ä‘á»§2chÃ¬khÃ³atheoxe,,biá»ƒnsá»‘29G1-361xxÄ‘ÄƒngkÃ­láº§nÄ‘áº§unÄƒm2011táº¡iHÃ Ná»™i,nháº­pkháº©u",3nÄƒmtrÆ°á»›c,Honda Shi 150cc nh\u1eadp kh\u1ea9u m\xe0u tr\u1eafng 2011 sport
108.000.000,"SH150iHondaSPORTnháº­pItalynguyÃªnchiáº¿cmÃ uÄ‘encuá»‘i2009Ä‘áº§u,2010cá»§anhÃ tÃ´idÃ¹ngráº¥tgiá»¯gÃ¬ncáº©nÂ ,tháº­n,AimuaÄ‘Æ°á»£cxenÃ ylÃ maymáº¯nvÃ¬nguyÃªnbáº£ntuyá»‡tÄ‘á»‘imÃ¡ymÃ³c,Ä‘áº£mbáº£o100%chÆ°aÄ‘á»¥ngcháº¡mgÃ¬cáº£,Â ,TÃ´ilÃ ngÆ°á»ihiá»ƒubiáº¿tnÃªnsá»­dá»¥ngxeráº¥tgiá»¯gÃ¬nthá»±cracÅ©ngÃ­t,khisá»­dá»¥ngvÃ¬háº§unhÆ°2vá»£chá»“ngtoÃ nÄ‘iÂ Ã´tÃ´Â Â ",3nÄƒmtrÆ°á»›c,SH150i Honda m\xe0u \u0111en 2010 hs g\u1ed1c cch\u1ee7 gd sd
120.000.000,"BÃ¡nHondaSH150i,nháº­pÃ,Ä‘á»i2009,mÃ utráº¯ngÄ‘enSport,1Ä‘Ä©a,chÃ­nhchá»§BSTP,XetrÃ¹mmá»n,ráº¥tÃ­tcháº¡y,Â mÃ¡ymÃ³ccÃ²nzin100%,cháº¡ycá»±cÃªm,khÃ´nghaoxÄƒng(baothá»£testvÃ kiá»ƒmtra)luÃ´nthaynhá»›tÄ‘á»‹nhká»³1000-1500km1láº§n,Â Â GiÃ¡:120triá»‡u,xechÃ­nhchá»§,mualÃ sangtÃªnliá»n,bÃ¡ntáº¡inhÃ ",3nÄƒmtrÆ°á»›c,"B\xe1n Honda SH150i \xdd, ch\xednh ch\u1ee7 BSTP, xe zin 100%"
79.000.000,"NHÃ‚NDá»ŠPKHAITRÆ¯Æ NGNGÃ€Y1/10/2017Showroom:415Pháº¡mVÄƒnÄá»“ng,PhÆ°á»ngLinhÄÃ´ngQThá»§Äá»©cTPHCM,(NgayvÃ²ngxoayPháº¡mVÄƒnÄá»“ngvÃ KhaVáº¡nCÃ¢nQ,Thá»§Äá»©c)HondaLittleCub502017(MadeinJapan)GiÃ¡cá»±csá»‘c7xTrCallngay:0982496898Há»•trá»£tráº£gÃ³pthá»§tá»¥cnhanh,gá»n,xinvuilÃ²ngcallHotlinetráº£gÃ³p:HÃ Ná»™i:0944081368SÃ iGÃ²n:0908532018ChÆ°Æ¡ngtrÃ¬nhkhuyáº¿nmÃ£ithÃ¡ngvÃ nggiÃ¡sá»‘cshowroom5thÆ°á»Ÿngmotor415Pháº¡mVÄƒnÄá»“ng,Q",1nÄƒmtrÆ°á»›c,Honda Little Cub 50 2017( Made in Japan)
ThÆ°Æ¡ng lÆ°á»£ng,"Tráº£gÃ³pHondalÃ£isuáº¥tchá»‰tá»«0,79%Ä‘áº¿n1,29%Tá»«ngÃ y01/08/2017khimuatráº£gÃ³pxemÃ¡yHondaquaHDSAISON,khÃ¡chhÃ ngÄ‘Æ°á»£chÆ°á»ŸnglÃ£isuáº¥tÄ‘áº·cbiá»‡tchá»‰tá»«0,79%Ä‘áº¿n1,29%,CÃ¡csáº£npháº©mxemÃ¡yHondaÄ‘Æ°á»£cÃ¡pdá»¥nggá»“m:HondaWinner,HondaBlade,HondaWavealpha,HondaWaveRSX,Thá»iháº¡nvaylÃªnÄ‘áº¿n24thÃ¡ng",1nÄƒmtrÆ°á»›c,"Tr\u1ea3 g\xf3p Honda l\xe3i su\u1ea5t ch\u1ec9 t\u1eeb 0.79% \u0111\u1ebfn 1,29%"
17.000.000,"-Báº¡nÄ‘Ã£tá»«ngráº¥tngáº¡ipháº£icháº¡yxemÃ¡ygiá»caoÄ‘iá»ƒm,-Báº¡nÄ‘Ã£tá»«ngráº¥tngáº¡idáº¯tnhá»¯ngchiáº¿cxenáº·ngná»,-Báº¡nÄ‘Ã£tá»«ngbá»‹tÃ©ngÃ£khipháº£iphanhgáº¥p,-Báº¡nÄ‘Ã£tá»«ngÃªmÃ´ng,nhá»©clÆ°nghoáº·cmá»‡tmá»ikhicháº¡yxe,-Báº¡nÄ‘Ã£tá»«ngngáº¡iÄ‘ixemÃ¡yvÃ¬tiá»nÄ‘á»•xÄƒngquÃ¡nhiá»u,*HondaCrea50ccsáº½khiáº¿nchobáº¡nquÃªntáº¥tcáº£cÃ¡cváº¥nÄ‘á»trÃªnvÃ cÃ²nhÆ¡ntháº¿ná»¯a",1nÄƒmtrÆ°á»›c,Honda Crea 50cc - Xe tay ga n\u1ed9i \u0111\u1ecba Nh\u1eadt !
175.000.000,"XeHondaForza250Ä‘á»i2008mÃ uÄ‘á»mangphongÂ cÃ¡chhiá»‡nÄ‘áº¡i,CÃ³pÄ‘á»ƒÄ‘á»“rá»™ngrÃ£i,há»‡thá»‘ngphunxÄƒngÄ‘iá»‡ntá»­,mÃ¡ycháº¡yÃªm,Â ",1nÄƒmtrÆ°á»›c,C\u1ea7n b\xe1n xe honda Forza 250 \u0111\u1eddi 2008 m\xe0u \u0111\u1ecf
25.000.000,"-Â Â Â Â Â Â Â Â Â Cáº§nbÃ¡nxeHondaLead2012mÃ uÄ‘á»Ä‘áº­m-NÄƒmÄ‘ÄƒngkÃ½:2012-Sá»‘km:13000km-LÃ Ä‘á»icuá»‘itrÆ°á»›ckhichuyá»ƒnÄ‘á»•ikiá»ƒudÃ¡ngcá»§adÃ²ngxeLead-Â Â Â Â Â Â Â Â Â GiÃ¡bÃ¡n25triá»‡uVND-Â Â Â Â Â Â Â Â Â Xecá»§acÃ´giÃ¡o,Ä‘Æ°á»£cbáº£odÆ°á»¡ngtá»‘tnÃªncÃ²nmá»›i,chÆ°athayphá»¥tÃ¹ng,mÃ¡ymÃ³ccháº¡yráº¥tá»•nÄ‘á»‹nh,2chÃ¬akhÃ³a",2nÄƒmtrÆ°á»›c,C\u1ea7n b\xe1n xe Honda Lead 2012 m\xe0u \u0111\u1ecf \u0111\u1eadm.
8.000.000,"HÃ ngÄ‘Æ°á»£cchá»nlá»cráº¥tkÄ©trÆ°á»›ckhiÄ‘Æ°avá»nÆ°á»›cphá»¥cvá»¥anhemÄ‘ammÃª,XecÃ¡cÄ‘á»i95-05,Táº¥tcáº£Ä‘á»uhÃ ngnguyÃªnbáº£n,nguyÃªnrin,Má»ichitiáº¿txinvuilÃ²ngliÃªnhá»‡0944094820",2nÄƒmtrÆ°á»›c,"WIN 100cc nh\u1eadp cam, ch\xednh h\xe3ng honda, 8tr"
5.200.000,"XE67HAYGá»ŒILÃ€SS50VÃ€CD50,CD70,CD90CHOAENHUCáº¦U-Â 0906787874MrÄÃ¬nhAnhVÃ¬Ä‘ammÃªmxe67Ä‘Ã£lÃ¢utá»«thá»icÃ²nthÆ¡áº¥ulá»¯ngnhÃ¬nngÆ°á»itacÆ°á»¡ixe67mÃ hammuá»‘nvÃ cÅ©ngsÆ°utáº­pÄ‘Æ°á»£ckhÃ¡nhiá»uxe67cÃ¡cÄ‘á»inaymÃ¬nhmuá»‘nthanhlÃ­bá»›tvÃ¬nhÃ Ä‘Ã£háº¿tchá»—Ä‘á»ƒxe(Chuyá»ƒnnhÃ docÃ´ngviá»‡cÄ‘Ã³mÃ )giatÃ ichá»‰cÃ³khoáº£ngvÃ ichiáº¿cxe67zinnguyÃªnconcÃ³laicÅ©ngcÃ³vÃ vÃ iconCDaecÃ³thiá»‡nÃ½quaxemxethÃ¬sáº½rÃµkothÃ´iwanhÃ giaolÆ°ubÃ nvá»xecÅ©ngráº¥tok(mÃ³ngiaolÆ°unÃ ylakhoÃ¡inháº¥tÄ‘Ã³)",2nÄƒmtrÆ°á»›c,"Honda 67 ss50, cl50, cd50 c\xe1c \u0111\u1eddi cho ACE \u0111am m\xea"
103.000.000,"Cáº§ntiá»nbÃ¡nchiáº¿cHondaSHi125nháº­pkháº©umÃ uÄ‘á»Ä‘un,XemÃ¡ymÃ³cnguyÃªnbáº£nZintá»«ngconá»‘c,XeÄ‘á»i2010má»›ibÃ³cnilonranhÃ¬nráº¥tmá»›i,Äá»§2gÆ°Æ¡ng,2chÃ¬akhÃ³a,NaykhÃ´ngnhucáº§usá»­dá»¥ngnhÆ°á»£ngláº¡ichocÃ¡cbáº¡ncÃ³nhucáº§u,SangtÃªnchÃ­nhchá»§ráº¥tÄ‘Æ¡ngiáº£n,GiÃ¡:103tr,Sá»‘:0907538868",2nÄƒmtrÆ°á»›c,C\u1ea7n ti\u1ec1n b\xe1n chi\u1ebfc Honda SHi 125 nh\u1eadp kh\u1ea9u
1.000.000,"ThanhlÃ½Â 01bá»™vá»nhá»±acÅ©xehondafutureIImÃ u,xanhÂ giÃ¡ráº»,GiÃ¡:1triá»‡u",3nÄƒmtrÆ°á»›c,B\xe1n 01 b\u1ed9 v\u1ecf nh\u1ef1a c\u0169 xe Honda Future II
160.000.000,"XeHondaForza250Ä‘á»i2008kiÃªudÃ¡ngÄ‘áº¹psangtrá»ng,mÃ¡ycháº¡yráº¥tÂ Ãªm,bÃ¡otá»‘cÄ‘á»™cao,Ä‘iráº¥tÄ‘áº§m,MÃ¬nhchá»©nggiáº¥ychongÆ°á»imua,Báº¡nnÃ oquantÃ¢mliÃªnhá»‡trá»±ctiáº¿pmÃ¬nhnhÃ©,Cáº£mÆ¡ncÃ¡cbáº¡nxemtin",1nÄƒmtrÆ°á»›c,Thanh l\xfd xe honda forza 250 \u0111\u1eddi 2008
ThÆ°Æ¡ng lÆ°á»£ng,"ğŸ”ºTráº£trÆ°á»›c0Ä‘á»“ngğŸ”ºÂ LÃ£isuáº¥ttá»«0,79Ä‘áº¿n1,49ğŸ”ºÂ Thá»§tá»¥c:CMND+SHK(+giáº¥ytá»chá»©ngminhthunháº­pnáº¿ucÃ³)ğŸ”ºÂ Ká»³háº¡ntá»«6Ä‘áº¿n36thÃ¡ngÂ ğŸ”ºÂ XÃ©tduyá»‡t:chá»‰45'Â ğŸ”ºKhÃ´ngmáº¥tphÃ­báº£ohiá»ƒmkhoáº£nvayğŸ”ºQuÃ táº·ng2trÄ‘á»“ngÂ ğŸ“Â Mr:SÆ¡n0898626368or01696691909(zl,fb,sms)Â ",1nÄƒmtrÆ°á»›c,"Mua Xe Honda  Tr\u1ea3 Tr\u01b0\u01a1c 0\u0110 , T\u1eb7ng Ngay 2Tr"
30.800.000,"XemÃ¡yHoÃ ngKiÃªnbÃ¡nxetaygacaocáº¥pHondaPCX125ccFimÃ uÄ‘á»sangtrá»ng,ná»•ibáº­t,XeÄ‘iráº¥tÃ­t,cá»±cká»³giá»¯gÃ¬n,nilondÃ¡ncáº£xenÃªnÄ‘áº¹pnhÆ°má»›i,khÃ´ngmá»™tlá»—inhá»;mÃ uÄ‘á»sangtrá»ng,Ä‘ÄƒngkÃ½nÄƒm2011,biá»ƒnsá»‘HÃ Ná»™iÄ‘á»cdá»…nhá»›;camkáº¿txekhÃ´ngvacháº¡mhayÄ‘Ã¢mÄ‘á»¥ng,ngáº­pnÆ°á»›c;mÃ¡ymÃ³cnguyÃªnbáº£n,Ä‘á»™ngcÆ¡bá»nbá»‰cháº¡yÃªmÃ¡imÆ°á»£tmÃ ;giáº¥ytá»xeÄ‘áº§yÄ‘á»§,tuyá»‡tÄ‘á»‘iÄ‘áº£mbáº£oanninh(sangtÃªn,Ä‘ÄƒngkÃ½chÃ­nhchá»§báº¥tcá»©lÃºcnÃ okhicÃ³nhucáº§u)",1nÄƒmtrÆ°á»›c,Honda PCX 125cc \u0111\u1ecf \u0111i nilon d\xe1n c\u1ea3 xe
55.000.000,"BÃ¡nxeHonda-PS150inháº­pkháº©u(Italia)Ä‘á»i2008,mÃ uÄ‘en,xechÃ­nhchá»§Ä‘angsá»­dá»¥ng,xebáº£oquáº£nráº¥tká»¹BS:52U7-1278,Ä‘ÄƒngkÃ½cuá»‘i2008,giáº¥ytá»chÃ­nhchá»§,báº£odÆ°á»¡ngÄ‘á»‹nhká»³,xenguyÃªnbáº£n,miá»…ntiáº¿pcÃ²lÃ¡i,MTG,xemxesau17hhoáº·cthá»©7-chá»§nháº­tÄá»‹achá»‰:100Ä‘Æ°á»ng77,Phá»«Æ¡ngTÃ¢nQuy,Quáº­n7,gáº§nLotteMart,gáº§nchungcÆ°HAGLÄT:O902771007-AnhHoÃ ",1nÄƒmtrÆ°á»›c,"Honda - PS 150i - 2008, m\xe0u \u0111en, ch\xednh ch\u1ee7"
19.500.000,"Cáº§nbÃ¡nxehondaleadmÃ uÄ‘á»Ä‘á»iÄ‘áº§u,MÃ¡ymÃ³cxenguyÃªnrinhtá»«khimua,cÃ²nmá»›ivÃ mÃ¡ycháº¡ycÃ²nÃªm,Biá»ƒnsá»‘thÃ nhphá»‘,xechÃ­nhchá»§",2nÄƒmtrÆ°á»›c,C\u1ea7n b\xe1n xe m\xe1y honda lead \u0111\u1eddi \u0111\u1ea7u m\u1ea3u \u0111\u1ecf
17.500.000,"BÃ¡nxehondaleadfiÄ‘áº¹p,xenhÃ chÃ­nhchá»§,Äá»•ixenÃªnkcÃ³nhucáº§u,thanhlÃ½gáº¥pchongÆ°á»icáº§nmua:-chÃ­nhchá»§sangtÃªn1ná»‘tnháº¡c-mÃ¡ymÃ³cÃªm,bÃªnngoÃ icÃ²nráº¥tÄ‘áº¹p,nguyÃªnzinchÆ°aÄ‘á»¥ngcháº¡mgÃ¬-Ä‘Ã£rabiá»ƒn5sá»‘,chitiáº¿txeliÃªnhá»‡trá»±ctiáº¿pgiÃ¡:17,500,000liÃªnhá»‡:quÃ½(50t)0902363308giaodá»‹chtrá»±ctiáº¿ptáº¡inhÃ Sá»‘18/497Äá»—XuÃ¢nHá»£p,P",2nÄƒmtrÆ°á»›c,B\xe1n xe honda lead fi \u0111\u1eb9p ch\xednh ch\u1ee7 gi\xe1 r\u1ebb
15.000.000,"BÃ¡nHondaClickmÃ uÄ‘enchÃ­nhchá»§giÃ¡ráº»,XeÄ‘ÄƒngkÃ½2009biá»ƒnsá»‘Ä‘áº¹p30F2-1444,MÃ¡ynguyÃªnbáº£nchÆ°asá»­achá»¯a,sÆ¡nnhá»±aváº«ndÃ¡nkÃ­nnilonbÃ³cranhÆ°má»›i,Muaxemá»›irá»“inÃªncáº§nsangláº¡inhanhchoanhemnÃ ocÃ³nhucáº§u,xeváº«ncháº¡ytá»‘tchÆ°alá»—iláº§mgÃ¬,giÃ¡15triá»‡u(cÃ³fixnhiá»‡ttÃ¬nh)",2nÄƒmtrÆ°á»›c,B\xe1n Honda Click m\xe0u \u0111en ch\xednh ch\u1ee7 gi\xe1 r\u1ebb
22.500.000,"Dylan150chÃ­nhchá»§Â nháº­pkháº©umÃ ughixÃ¡m,biá»ƒngÃ¡nhÄ‘áº¹p8nÃºtÄÄƒngkÃ½chÃ­nhchá»§quáº­nHoÃ nKiáº¿m,HÃ Ná»™iXesá»­dá»¥ngÄ‘iláº¡ihÃ ngngÃ y,mÃ¡ymÃ³cnguyÃªnzin,báº£odÆ°á»¡ngthaydáº§uÄ‘áº§yÄ‘á»§,XeÄ‘Æ°á»£cgiá»¯gÃ¬nráº¥tcáº©ntháº­n,Ä‘Ã£dÃ¡nnylon3lá»›pbáº£ová»‡xe,cáº£mbiáº¿nkhÃ³axechá»‘ngtrá»™mLiÃªnhá»‡:HÃ¹ng091",2nÄƒmtrÆ°á»›c,B\xe1n Honda Dylan 150 nh\u1eadp kh\u1ea9u m\xe0u ghi x\xe1m
1,"BÃ¡nHondaSHi125mÃ uÄ‘enÄ‘á»i2010nguyÃªnbáº£nchÃ­nhchá»§XeÄ‘ichuáº©ncÃ´nghÆ¡n2váº¡nXedÃ¡nniloncáº£xevÃ nguyÃªnbáº£nxeráº¥tÃ­tÄ‘ivÃ¬chá»§yáº¿uÄ‘iotonÃªncá»±ckÃ¬bá»‘cXenguyÃªnbáº£nkhÃ´ngmÃ´ngmÃ¡báº¥tcá»©1chitiáº¿tgÃ¬nhÃ©,Ä‘ixecÃ³thá»ƒmangthá»£Ä‘áº¿ntestthoáº£imÃ¡iGiÃ¡inboxSá»‘0907538868",2nÄƒmtrÆ°á»›c,B\xe1n Honda SHi 125 m\xe0u \u0111en \u0111\u1eddi 2010
33.000.000,"MÃ¬nhchuáº©nbá»‹Ä‘iduhá»cnÃªnbÃ¡nxearibladefiÄ‘ÄƒngkÃ½thÃ¡ng1nÄƒm2010biá»ƒnsá»‘30k75555,xemÃ¡ycÃ²nzin,cháº¡ykhá»e,lÆ°á»›t,tiáº¿tkiá»‡mxÄƒng,xeÄ‘Ã£thay2lá»‘pkhÃ´ngxÄƒm,cÃ¡cbáº¡nmuayÃªntÃ¢mchá»‰cáº§nÄ‘á»•xÄƒngmÃ Ä‘i,Â ",2nÄƒmtrÆ°á»›c,b\xe1n xe honda ariblade fi \u0111\u1eddi trung 2010
250.000.000,"Cáº§nbÃ¡n:Â XEHONDASHADOW750CC,Cáº§nbÃ¡nxeHondashadowPhoenix750ccnháº­pkháº©u,sáº£nxuáº¥tnÄƒm,2008,ÄÄƒngkÃ½chÃ­nhchá»§táº¡iBáº¯cGiang,xeÄ‘Ã£dÃ¡nninontá»«lÃºcmá»›imua,,má»›icháº¡yÄ‘Æ°á»£c7300km(Náº¿ubÃ³cninonvÃ Ä‘Ã¡nhbÃ³ngláº¡ithÃ¬xenhÆ°,má»›i),XenhÆ°tronghÃ¬nhcáº§nbÃ¡nâ€¦Ä‘ÄƒngkÃ½chuyá»ƒnvÃ¹ngthuáº­nlá»£i",3nÄƒmtrÆ°á»›c,C\u1ea7n b\xe1n:\xa0Xe Honda Shadow 750CC - 2008 - Ch\xednh ch\u1ee7
50.000.000,"Dopháº£iÄ‘iduhá»cnÃªnkhÃ´ngcÃ²nnhucáº§usá»­dá»¥ngnÃªnbÃ¡n,MSXchÃ­nhchá»§má»›imuacuá»‘ithÃ¡ng1/2017,bstp,odo~9000km,chá»‰láº¯pthÃªmbaga,thayxinhan(Ä‘á»“zincÃ²nnguyÃªn),thaynhá»›t,dÆ°á»¡ngsÃªnthÆ°á»ngxuyÃªn,giÃ¡cáº£aecheckxecÃ³thá»ƒthÆ°Æ¡nglÆ°á»£ngláº¡ivsnhauyÃªuthÃ¬fix:)quantrá»nglÃ Ä‘ammÃª",1nÄƒmtrÆ°á»›c,"C\u1ea7n b\xe1n honda MSX 125, date 1/2017"
160.000.000,"XeHondaForza250Ä‘á»i2008kiÃªudÃ¡ngÄ‘áº¹psangtrá»ng,mÃ¡ycháº¡yráº¥tÂ Ãªm,bÃ¡otá»‘cÄ‘á»™cao,Ä‘iráº¥tÄ‘áº§m,MÃ¬nhchá»©nggiáº¥ychongÆ°á»imua,Báº¡nnÃ oquantÃ¢mliÃªnhá»‡trá»±ctiáº¿pmÃ¬nhnhÃ©,Cáº£mÆ¡ncÃ¡cbáº¡nxemtin",1nÄƒmtrÆ°á»›c,Thanh l\xfd xe Honda Forza 250 \u0111\u1eddi 2008
17.000.000,"*Má»™tsiÃªupháº©máº¥ntÆ°á»£ngcá»§aHondaNháº­tBáº£n-HondaCrea50cc-Xegahá»™itá»¥Ä‘áº§yÄ‘á»§cÃ¡cyáº¿utá»‘AnToÃ n-Tháº©mMá»¹vÃ Tiá»‡nÃch,-Xetayga50ccnháº­ptrá»±ctiáº¿ptá»«Nháº­t,vivudáº¡ophá»‘mÃ khÃ´ngcáº§nbáº±nglÃ¡i,-CÃ´ngnghá»‡Ä‘á»tá»«khÃ´ngnghetiáº¿ngÄ‘á»™ng,mÃ¡yná»•ÃªmnhÆ°xeÄ‘iá»‡n,-Thiáº¿tkáº¿nhá»xinhmangdÃ¡ngváº»cá»•Ä‘iá»ƒn",1nÄƒmtrÆ°á»›c,Honda Scoopy Crea 50cc - Xe tay ga nh\u1ecf xinh !
19.800.000,"Cáº§nbÃ¡nxehondaleadfimÃ uÄenxebstpÄ‘angkÃ½nÄƒm2010,Ä‘iÄ‘Ãºng1,4váº¡ngiá»¯gÃ¬nmá»›ibÃ³cnilonnÃªnxecÃ²nráº¥tmá»›i,xekiá»ƒmtrabáº£odÆ°á»¡ngÄ‘á»‹nhká»³nÃªnÄ‘iyÃªntÃ¢mmÃ¡ymÃ³cchÆ°asá»­achá»¯agÃ¬mÃ¡yná»•Ãªmcháº¡ybá»‘cvÃ Äƒnráº¥tÃ­txÄƒng,bÃ¡ngiÃ¡19,800,giáº¥ytá»muabÃ¡nÄ‘áº§yÄ‘á»§aicÃ³nhucáº§uliÃªnhá»‡cáº£mÆ¡n!",1nÄƒmtrÆ°á»›c,C\u1ea7n b\xe1n xe honda lead fi m\xe0u \u0110en ch\xednh ch\u1ee7
15.500.000,"BÃ¡nxeWareRSX2013HondachÃ­nhchá»§cá»§aSÄ©quanQuÃ¢nÄá»™iTÃ´icáº§nbÃ¡nmá»™tchiáº¿cxeWareRSXcá»§ahÃ£ngHondamÃ uÄ‘á»,Ä‘á»i2013xecÃ²nkhÃ¡má»›i,Ä‘Æ°á»£cbáº£odÆ°á»¡ngthÆ°á»ngxuyÃªn,mÃ¡yváº«ncÃ²nráº¥ttá»‘t,chÆ°avaÄ‘áº­phaysÆ°á»›txÃ¡tgÃ¬cÃ¡cbáº¡ncÃ³thá»ƒkiá»ƒmtratáº¡icá»­ahÃ nghondathoáº£imÃ¡i",2nÄƒmtrÆ°á»›c,B\xe1n xe Ware RSX 2013 Honda ch\xednh ch\u1ee7 c\u1ee7a S\u0129 quan
17.000.000,"*Má»™tsiÃªupháº©máº¥ntÆ°á»£ngcá»§aHondaNháº­tBáº£n-HondaCrea50cc-Xegahá»™itá»¥Ä‘áº§yÄ‘á»§cÃ¡cyáº¿utá»‘AnToÃ n-Tháº©mMá»¹vÃ Tiá»‡nÃch,-Xetayga50ccnháº­ptrá»±ctiáº¿ptá»«Nháº­t,vivudáº¡ophá»‘mÃ khÃ´ngcáº§nbáº±nglÃ¡i,-CÃ´ngnghá»‡Ä‘á»tá»«khÃ´ngnghetiáº¿ngÄ‘á»™ng,mÃ¡yná»•ÃªmnhÆ°xeÄ‘iá»‡n,-Thiáº¿tkáº¿nhá»xinhmangdÃ¡ngváº»cá»•Ä‘iá»ƒn",2nÄƒmtrÆ°á»›c,Honda Crea Giorno 50cc - Xe tay ga n\u1ed9i \u0111\u1ecba Nh\u1eadt !
41.000.000,"Cáº§ntiá»nbÃ¡ngáº¥pxePSÄ‘á»i2008,chÃ­nhchá»§,xeÄ‘áº¹p,biá»ƒnsá»‘TP,HCM,giÃ¡41triá»‡u,LiÃªnhá»‡0909,567,227gáº·panhHiáº¿u",2nÄƒmtrÆ°á»›c,C\u1ea6N TI\u1ec0N B\xc1N G\u1ea4P HONDA PS \u0110\u1edcI 2008
22.500.000,"Dylan150chÃ­nhchá»§Â nháº­pkháº©umÃ ughixÃ¡m,biá»ƒngÃ¡nhÄ‘áº¹p8nÃºtÄÄƒngkÃ½chÃ­nhchá»§quáº­nHoÃ nKiáº¿m,HÃ Ná»™iXesá»­dá»¥ngÄ‘iláº¡ihÃ ngngÃ y,mÃ¡ymÃ³cnguyÃªnzin,báº£odÆ°á»¡ngthaydáº§uÄ‘áº§yÄ‘á»§,XeÄ‘Æ°á»£cgiá»¯gÃ¬nráº¥tcáº©ntháº­n,Ä‘Ã£dÃ¡nnylon3lá»›pbáº£ová»‡xe,cáº£mbiáº¿nkhÃ³axechá»‘ngtrá»™mLiÃªnhá»‡:HÃ¹ng091",2nÄƒmtrÆ°á»›c,B\xe1n Honda Dylan 150 nh\u1eadp kh\u1ea9u m\xe0u ghi x\xe1m
25.000.000,"Â ,Â ChuyÃªn:Nháº­pkháº©ucÃ¡cloáº¡ixeCDBenly50cc;90cc;125cc,tá»«Campuchiavá»Viá»‡tNam,Äáº·cbiá»‡t:HondaCDBenLy125ccÄ‘Æ°á»£cgá»i,*hoÃ ngtá»­Ä‘en*Ä‘angbÃ¡ncháº¡ynháº¥thiá»‡nnay,MÃ uxe:Tráº¯ng,Ä‘á»,,Ä‘en,NÄƒmsáº£nxuáº¥t:1997_2002,LÆ°uÃ½:Táº¥tcáº£Ä‘á»unháº­pkháº©unguyÃªnzin,nguyÃªnbáº£nvÃ Ä‘Æ°á»£clá»±achá»nráº¥tká»¹trÆ°á»›ckhinháº­pvá»Viá»‡tNam",2nÄƒmtrÆ°á»›c,Honda cd benly 125 nh\u1eadp c\u1ef1c \u0111\u1eb9p gi\xe1 r\u1ebb
18.500.000,"DokhÃ´ngcÃ³nhucáº§usá»­dá»¥ngnÃªntÃ´icáº§nbÃ¡n1chiáº¿cxeWave,AlphaÄ‘á»i2016mÃ ucam,XechÃ­nhchá»§Ä‘ÄƒngkÃ½thÃ¡ng1/2016,má»›iÄ‘i,Ä‘Æ°á»£c600kmcÃ²nmá»›i99%,XeÄ‘iráº¥tcáº©ntháº­n,Ä‘Ã£dÃ¡nnilon,láº¯pkhÃ³a,cÃ ng,v,vâ€¦TÃ´ibÃ¡nÄ‘ÃºnggiÃ¡18,5triá»‡u,LiÃªnhá»‡:0935132100(HÃ ,Ná»™i)",3nÄƒmtrÆ°á»›c,B\xe1n Honda Wave Alpha 2016 m\xe0u cam c\xf2n m\u1edbi 99%
23.000.000,"BÃ¡nxeHondaAirbladeviá»‡tnamÄ‘Ã£dá»nlÃªnfullThÃ¡imÃ ucamÄ‘en,,mÃ¡ycá»±cÃªm,cháº¡ymáº¡nhmáº½khÃ´nghaoxÄƒng,dÃ nngoÃ icÃ²nmá»›iÄ‘áº¹plong,lanhkhÃ´ngcÃ³váº¿ttráº§y,Xecháº¡yráº¥tlá»£ixÄƒng,báº£oÄ‘áº£mxemxelÃ ,thÃ­chngay,CÃ³hÃ¬nhtháº­tbÃªndÆ°á»›i,=>Giáº¥ytá»bstpngaychá»§bao,cÃ´ngchá»©ngmuabÃ¡nnÃªnyÃªntÃ¢m",3nÄƒmtrÆ°á»›c,Honda Airblade 2008 vi\u1ec7t nam d\u1ecdn l\xean full Th\xe1i.
20.500.000,"MÃ¬nhmuá»‘nbÃ¡nxeHondaAirblade110ccmÃ uÄ‘enbiá»ƒnhÃ ná»™inguyÃªnbáº£nÄ‘á»icháº¿thÆ°á»ngchÃ¢nchá»‘ngÄ‘iá»‡n,xehÃ¬nhthá»©cmá»›ivÃ Ä‘áº¹p,mÃ¡yÃªmÄ‘ikhÃ¡bá»‘c,giáº¥ytá»Ä‘áº§yÄ‘á»§cÃ³há»“sÆ¡gá»‘ctiá»‡nchoanhmuavá»sangtÃªnÄ‘á»•ichá»§nhanhchÃ³ng,giÃ¡mÃ¬nhmuá»‘nbÃ¡nlÃ 20,5triá»‡u,aimualiÃªnhá»‡mÃ¬nh",2nÄƒmtrÆ°á»›c,Honda Airblade 110cc ch\u1ebf th\u01b0\u1eddng c\xf3 h\u1ed3 s\u01a1 g\u1ed1c
9.200.000,"Cáº§nbÃ¡nchiáº¿cHondaSuperCup81/50ccÄ‘á»iÄ‘áº§u,-XeÄ‘angÄ‘i,mÃ¡ymÃ³choáº¡tÄ‘á»™ngtá»‘t,giáº¥ytá»Ä‘áº§yÄ‘á»§,-XeÄ‘Æ°á»£cgiá»¯gÃ¬ncáº©ntháº­n,cÃ³sá»­achá»¯aláº·tváº·tnhÆ°ngváº«ngiá»¯nguyÃªnbáº£nbanÄ‘áº§u,GiÃ¡bÃ¡n:8,400,000Ä‘á»“ng,LiÃªnhá»‡:0913867049Xemxetáº¡i:109HoÃ ngSÄ©Kháº£i-SÆ¡nTrÃ -ÄÃ Náºµng",2nÄƒmtrÆ°á»›c,B\xe1n chi\u1ebfc Honda Super Cup 81/50cc \u0111\u1eddi \u0111\u1ea7u
11.500.000,"Muá»‘nÄ‘á»•ixenÃªnMÃ¬nhÄ‘angcáº§nbÃ¡n1xeHondaWave@mÃ uxanhÄ‘á»icuá»‘i2003,dÃ nÃ¡ocÃ²nÄ‘áº¹p,Ä‘áº§uná»“ichÆ°ará»›t,mÃ¡yÃªm,xecÃ²ntá»‘t,cá»©ngcÃ¡p,ná»¯Ä‘angsá»­dá»¥ng,Â xemÃ¬nhbiá»ƒnsá»‘tá»‰nh:43Ä‘Ã náº¯ngchÃ­nhchá»§,Giáº¥ytá»okháº¿tÂ GiÃ¡11tr5Â LH:01678855050Â Ä/C:30/24tÃ¢nquÃ½,ftÃ¢nquÃ½,quáº­ntÃ¢nphÃº,há»“chÃ­minh(tÃ¢nquÃ½cáº¯tvá»›itÃ¢nká»³tÃ¢nquÃ½)Â ",2nÄƒmtrÆ°á»›c,"Honda Wave @ m\xe0u xanh \u0111\u1eddi cu\u1ed1i 2003, gi\xe1 11tr5"
8.000.000,"Cáº§nbÃ¡nxeHondalÃ´icÃ²nmá»›i95%,Â Xedá»…dÃ ngthÃ¡orÃ¡p,Giáº¥ytá»há»£plá»‡,GiÃ¡8,000,000Ä‘(TÃ¡mtriá»‡uÄ‘á»“ng),Aicáº§nxinliÃªnhá»‡Mr,Sang,ÄT:0962488773,(Coixetáº¡iHoÃ Hiá»‡p-LongHoÃ -Cáº§nGiá»-TP,HCM),CÃ¡mÆ¡nquÃ­vá»‹Ä‘Ã£xemtinnÃ y",2nÄƒmtrÆ°á»›c,B\xe1n xe Honda l\xf4i th\xe1o r\xe1p d\u1ec5 d\xe0ng
17.000.000,"*Má»™tsiÃªupháº©máº¥ntÆ°á»£ngcá»§aHondaNháº­tBáº£n-HondaCrea50cc-Xegahá»™itá»¥Ä‘áº§yÄ‘á»§cÃ¡cyáº¿utá»‘AnToÃ n-Tháº©mMá»¹vÃ Tiá»‡nÃch,-Xetayga50ccnháº­ptrá»±ctiáº¿ptá»«Nháº­t,vivudáº¡ophá»‘mÃ khÃ´ngcáº§nbáº±nglÃ¡i,-CÃ´ngnghá»‡Ä‘á»tá»«khÃ´ngnghetiáº¿ngÄ‘á»™ng,mÃ¡yná»•ÃªmnhÆ°xeÄ‘iá»‡n,-Thiáº¿tkáº¿nhá»xinhmangdÃ¡ngváº»cá»•Ä‘iá»ƒn",2nÄƒmtrÆ°á»›c,Honda Crea 50cc - Xe tay ga cho ch\u1ecb em ph\u1ee5 n\u1eef !!!
16.500.000,"BÃ¡nxeHondaClickchÃ­nhchá»§,mÃ uÄ‘á»,biá»ƒn30Z,ná»¯Ã­tÄ‘i,báº£odÆ°á»¡ngÄ‘á»‹nhká»³táº¡ihÃ£ng,GiÃ¡:16tr500,LH:0982047779,xemxengoaigiá»hÃ nhchÃ­nh",2nÄƒmtrÆ°á»›c,"B\xe1n xe Honda Click, bi\u1ec3n 30Z, 16tr500 - LH: 0982047779"
150.000,BÃ¡nbáº£ová»‡kÃ©tnÆ°á»›chondawinner150BÃ¡nchekÃ©twinner150BÃ¡nbáº£ová»‡kÃ©tnÆ°á»›cwinner150BÃ¡ncheÂ kÃ©tnÆ°á»›chondawinner150,2nÄƒmtrÆ°á»›c,B\xe1n b\u1ea3o v\u1ec7 k\xe9t n\u01b0\u1edbc Honda Winner 150
33.800.000,"mÃ¬nhcáº§nbÃ¡nnhanhchiáº¿cxeÂ hondaairblade125cc2014má»›icháº¡yÄ‘Æ°á»£chÆ¡n9000km,xemÃ uxÃ¡m-Ä‘en,xecÃ²nnguyÃªnzinchÆ°acÃ³má»™tváº¿ttráº§yxÆ°á»›c,bá»ckeonguyÃªncon,xebaochá»©nggiáº¥ytá»saukhimuabÃ¡nnhÃ©!aicÃ³nhucáº§uthÃ¬liÃªnláº¡cvá»›imÃ¬nh,hÃ¬nh1005cá»§axe,liÃªnhá»‡trá»±ctiáº¿pchomÃ¬nhnhÃ©!xemxetáº¡inhÃ ",2nÄƒmtrÆ°á»›c,"honda air blade 125CC ch\xednh ch\u1ee7, bi\u1ec3n s\u1ed1 v\u0169ng t\xe0u"
20.000.000,"DÆ°khÃ´ngcáº§ndÃ¹ngbÃ¡nchiáº¿cxeHondaLeadmÃ uvÃ ng,xecÃ²ndÃ¡nkeo,cháº¡yÃªmru,mÃ¡ymÃ³czintheoxe,Xecháº¡yráº¥tÃªm,tiáº¿tkiá»‡mxÄƒng,XeÄ‘á»i2010,Ä‘á»imÃ¡ytá»‘tnháº¥t,Äá»‹achá»‰:280/9/7Ä‘Æ°á»ngTX25,P,Tháº¡nhXuÃ¢n,Quáº­n12,TP,HCM(Ä‘Æ°á»ngvÃ ocáº§uBaPhá»¥)Baotestthá»­thoÃ¡imÃ¡i,LiÃªnhá»‡:0122,799,7549",1nÄƒmtrÆ°á»›c,"C\u1ea7n b\xe1n xe Honda Lead zin c\xf2n m\u1edbi, m\xe1y m\xf3c \xeam ru"
22.900.000,"XeÄ‘áº¹pnhÆ°áº£nh,ná»¯cháº¡yÄÄƒngkÃ½05/2015,oddo8000kmMÃ¡ymÃ³cngonlÃ nhcÃ nhÄ‘Ã o,zinall100%Baothá»£thuyá»ntestthoáº£imÃ¡iGiaodá»‹chvÃ xemxetáº¡inhÃ Cáº§nbÃ¡nchongÆ°á»icÃ³nhucáº§usá»­dá»¥ng",1nÄƒmtrÆ°á»›c,Honda Future fi th\u1eafng \u0111\u0129a 2015 ch\xednh ch\u1ee7 bstp \u0111\u1eb9p keng
39.000.000,"Hiá»‡nnaytÃ´iÄ‘angcáº§nbÃ¡nchiáº¿cxemÃ¡yHondanhÃ£nhiá»‡uPs125i,Ä‘angsá»­dá»¥ngráº¥ttá»‘t,Ä‘áº¹p,XemÃ uÄ‘á»Ä‘en,Ä‘á»i2007vá»›igiÃ¡39triá»‡u,LiÃªnhá»‡chÃ­nhchá»§0962,037,222(ThÃ nh),Äá»‹achá»‰:ThÃ¡iHÃ ,Äá»‘ngÄa,HÃ Ná»™i",3nÄƒmtrÆ°á»›c,"B\xe1n xe Honda PS 125i \u0111ang s\u1eed d\u1ee5ng t\u1ed1t, \u0111\u1eb9p, gi\xe1 r\u1ebb"
41.000.000,"Cáº§ntiá»nbÃ¡ngáº¥pxePSÄ‘á»i2008,chÃ­nhchá»§,xeÄ‘áº¹p,biá»ƒnsá»‘TP,HCM,giÃ¡41triá»‡u,LiÃªnhá»‡0909,567,227gáº·panhHiáº¿u",2nÄƒmtrÆ°á»›c,"HONDA PS M\xc0U XANH, CH\xcdNH CH\u1ee6, \u0110\u1edcI 2008, BI\u1ec2N S\u1ed0 TP"
96.000.000,"DonhÃ nhiá»uxekhÃ´ngcháº¡ynÃªnbÃ¡nbá»›tnhÆ°á»ngláº¡iÄ‘ammÃªchoaechÄƒmsÃ³chaiconvá»£â€¦,HONDASH300i(ÄK2008)XezinchÆ°ará»›tÄ‘áº§u,vá»‡sinhná»“i,thaynhá»›tmÃ¡y+lÃ¡pthÆ°á»ngxuyÃªnÂ Ä‘á»‹nhkÃ¬1200kmxÃ inhá»›tRepsolnháº­pkháº©unhaae,lá»‘cgiá»¯achÆ°acháº½haygÃ¬háº¿tnhaaeÂ xeÄ‘ixatá»‘tkobá»‹sÃ´ikÃ©tnÆ°á»›cnhÆ°máº¥yxekhÃ¡c,lÃ¡pkohÃº,vá»michelincÃ²nÄ‘áº¹pÄ‘enÃ³ngÃ¡nh",2nÄƒmtrÆ°á»›c,Honda SH 300i (\u0110K 2008) 9 ch\u1ee7 xe \u0111\u1eb9p ch\u01b0a r\u1edbt \u0111\u1ea7u
22.500.000,"Cáº§nbÃ¡nxemÃ¡ychÃ­nhchá»§HONDALEAD110CCmÃ uÄ‘á»Ä‘áº¹p,ÄiÄ‘Æ°á»£c,24Kkm,Báº£odÆ°á»¡ngÄ‘á»‹nhkÃ¬Ä‘á»uÄ‘áº·n,Â ÄÄƒngkÃ­T9/2009,GiÃ¡bÃ¡n:22,5triá»‡u,Miá»…ntiáº¿pthá»£",3nÄƒmtrÆ°á»›c,C\u1ea7n b\xe1n xe m\xe1y ch\xednh ch\u1ee7 Honda Lead 110CC m\xe0u \u0111\u1ecf
